Invoice,StockCode,Description,Quantity,InvoiceDate,Price,Customer ID,Country
536831,85123A,WHITE HEART,15,2011-01-30 12:00,6.12,14000,United Kingdom
539536,85123A,WHITE HEART,23,2011-02-26 12:00,1.41,14000,United Kingdom
537134,85123A,WHITE HEART,40,2010-12-22 12:00,5.96,14000,United Kingdom
537549,85123A,WHITE HEART,24,2011-01-07 09:00,6.83,14000,United Kingdom
536839,85123A,WHITE HEART,12,2011-03-18 16:00,5.28,14000,United Kingdom
538264,85123A,WHITE HEART,42,2011-01-29 10:00,1.33,14000,United Kingdom
539253,85123A,WHITE HEART,3,2010-12-07 12:00,7.02,14000,United Kingdom
538406,85123A,WHITE HEART,39,2011-02-27 09:00,1.09,14000,United Kingdom
537843,85123A,WHITE HEART,9,2010-12-02 11:00,1.11,14000,United Kingdom
539517,85123A,WHITE HEART,44,2011-01-16 10:00,4.47,14000,United Kingdom
537386,85123A,WHITE HEART,36,2010-12-04 09:00,2.28,14000,United Kingdom
537865,85123A,WHITE HEART,6,2010-12-04 13:00,2.46,14000,United Kingdom
541276,85123A,WHITE HEART,18,2011-01-03 11:00,6.43,14000,United Kingdom
536702,85123A,WHITE HEART,15,2011-02-25 16:00,1.62,14000,United Kingdom
541224,85123A,WHITE HEART,47,2010-12-26 16:00,6.8,14000,United Kingdom
538933,85123A,WHITE HEART,45,2010-12-15 08:00,1.99,14000,United Kingdom
536756,85123A,WHITE HEART,24,2010-12-08 15:00,3.76,14000,United Kingdom
539464,85123A,WHITE HEART,35,2010-12-05 14:00,6.53,14000,United Kingdom
539469,85123A,WHITE HEART,7,2010-12-12 09:00,6.95,14000,United Kingdom
537169,85123A,WHITE HEART,48,2011-01-31 15:00,3.6,14000,United Kingdom
539055,85123A,WHITE HEART,35,2011-02-24 10:00,5.14,14000,United Kingdom
540853,85123A,WHITE HEART,1,2011-03-29 14:00,6.05,14000,United Kingdom
537228,85123A,WHITE HEART,15,2011-01-11 10:00,3.99,14000,United Kingdom
538122,85123A,WHITE HEART,39,2011-03-06 11:00,4.33,14000,United Kingdom
538087,85123A,WHITE HEART,37,2011-03-19 11:00,2.75,14000,United Kingdom
539425,85123A,WHITE HEART,22,2011-01-11 16:00,7.16,14000,United Kingdom
538346,85123A,WHITE HEART,6,2011-03-18 11:00,4.2,14000,United Kingdom
539667,85123A,WHITE HEART,11,2011-03-29 16:00,3.27,14000,United Kingdom
539040,85123A,WHITE HEART,33,2010-12-27 16:00,2.9,14000,United Kingdom
541109,85123A,WHITE HEART,13,2011-03-13 13:00,7.03,14000,United Kingdom
538363,85123A,WHITE HEART,37,2011-03-16 15:00,5.85,14000,United Kingdom
C540128,84029E,WOOLLY HOTTIE,-36,2011-03-15 08:00,4.63,14000,United Kingdom
C538001,85123A,WHITE HEART,-16,2010-12-02 08:00,2.76,14000,United Kingdom
C541102,85123A,WHITE HEART,-21,2010-12-02 08:00,2.87,14000,United Kingdom
539839,84029E,WOOLLY HOTTIE,23,2011-03-07 08:00,2.95,14001,United Kingdom
541296,71053,METAL LANTERN,44,2011-02-08 14:00,4.13,14001,United Kingdom
538692,47566,PARTY BUNTING,11,2010-12-17 13:00,3.59,14001,United Kingdom
539637,21730,GLASS STAR,34,2010-12-11 08:00,5.43,14001,United Kingdom
537734,84029E,WOOLLY HOTTIE,16,2010-12-20 11:00,1.29,14001,United Kingdom
536853,22633,HAND WARMER,19,2011-02-09 11:00,3.44,14001,United Kingdom
541101,85123A,WHITE HEART,40,2011-02-20 15:00,3.71,14001,United Kingdom
536627,21212,PACK BALLOONS,25,2010-12-31 10:00,2.46,14001,United Kingdom
538414,22491,PINK DOUGHNUT,48,2011-01-29 08:00,4.89,14001,United Kingdom
540455,85123A,WHITE HEART,48,2011-02-07 12:00,7.76,14001,United Kingdom
540864,47566,PARTY BUNTING,9,2010-12-19 10:00,2.95,14001,United Kingdom
537810,22086,PAPER CHAIN,33,2011-02-13 08:00,5.49,14001,United Kingdom
536463,22086,PAPER CHAIN,20,2011-03-22 16:00,5.06,14001,United Kingdom
540142,21212,PACK BALLOONS,29,2011-03-20 09:00,2.99,14001,United Kingdom
536525,84029E,WOOLLY HOTTIE,35,2011-01-10 11:00,5.56,14001,United Kingdom
537892,22960,JAM SET,33,2011-01-17 11:00,4.46,14001,United Kingdom
540930,22086,PAPER CHAIN,7,2011-01-02 10:00,6.05,14001,United Kingdom
539801,47566,PARTY BUNTING,22,2011-01-07 13:00,2.71,14001,United Kingdom
541258,22633,HAND WARMER,8,2011-03-08 12:00,5.42,14001,United Kingdom
539432,85123A,WHITE HEART,28,2011-03-07 12:00,5.68,14001,United Kingdom
537608,22633,HAND WARMER,4,2011-01-18 08:00,1.17,14001,United Kingdom
538692,21730,GLASS STAR,6,2011-03-15 12:00,3.59,14001,United Kingdom
537504,85123A,WHITE HEART,46,2011-03-09 08:00,7.77,14001,United Kingdom
538181,21730,GLASS STAR,32,2011-02-05 09:00,6.96,14001,United Kingdom
539098,22491,PINK DOUGHNUT,31,2011-02-05 15:00,6.91,14001,United Kingdom
536519,22086,PAPER CHAIN,32,2010-12-23 09:00,5.7,14001,United Kingdom
540706,22491,PINK DOUGHNUT,2,2011-03-14 08:00,3.26,14001,United Kingdom
538206,47566,PARTY BUNTING,29,2010-12-26 10:00,3.08,14001,United Kingdom
540496,21212,PACK BALLOONS,24,2010-12-07 16:00,7.39,14001,United Kingdom
537531,22960,JAM SET,1,2011-03-20 10:00,1.5,14001,United Kingdom
540511,71053,METAL LANTERN,2,2011-02-01 13:00,4.07,14002,United Kingdom
538080,21212,PACK BALLOONS,22,2011-02-24 08:00,5.14,14002,United Kingdom
539489,22491,PINK DOUGHNUT,6,2011-03-17 12:00,3.12,14002,United Kingdom
540507,21730,GLASS STAR,39,2011-03-19 11:00,1.6,14002,United Kingdom
537000,22633,HAND WARMER,40,2010-12-13 09:00,6.08,14002,United Kingdom
540040,22491,PINK DOUGHNUT,30,2011-03-30 10:00,1.29,14002,United Kingdom
537515,22491,PINK DOUGHNUT,26,2011-03-27 14:00,1.18,14002,United Kingdom
539214,21212,PACK BALLOONS,12,2011-01-27 08:00,3.86,14002,United Kingdom
541357,84029E,WOOLLY HOTTIE,48,2011-03-19 12:00,2.28,14002,United Kingdom
539512,47566,PARTY BUNTING,5,2011-03-29 10:00,5.28,14002,United Kingdom
539721,22491,PINK DOUGHNUT,16,2011-02-24 16:00,2.11,14002,United Kingdom
540913,21730,GLASS STAR,47,2011-03-20 11:00,1.29,14002,United Kingdom
538122,22491,PINK DOUGHNUT,26,2011-01-08 11:00,4.44,14002,United Kingdom
539214,21730,GLASS STAR,23,2011-03-28 12:00,1.34,14002,United Kingdom
537380,22960,JAM SET,31,2010-12-19 08:00,1.11,14002,United Kingdom
540957,21730,GLASS STAR,45,2010-12-24 14:00,2.14,14002,United Kingdom
540365,22960,JAM SET,24,2011-01-04 08:00,5.74,14002,United Kingdom
540278,22633,HAND WARMER,43,2011-02-05 08:00,7.59,14002,United Kingdom
537990,71053,METAL LANTERN,35,2011-02-28 15:00,3.36,14002,United Kingdom
537881,71053,METAL LANTERN,41,2011-01-27 12:00,4.47,14002,United Kingdom
538869,22086,PAPER CHAIN,36,2011-01-05 12:00,3.93,14002,United Kingdom
538508,22086,PAPER CHAIN,35,2011-03-22 11:00,7.93,14002,United Kingdom
540131,22086,PAPER CHAIN,23,2011-01-06 08:00,7.52,14002,United Kingdom
540317,47566,PARTY BUNTING,25,2010-12-30 08:00,2.67,14002,United Kingdom
536760,22960,JAM SET,48,2010-12-13 10:00,3.73,14002,United Kingdom
541311,21212,PACK BALLOONS,19,2011-02-09 11:00,1.64,14002,United Kingdom
540856,22491,PINK DOUGHNUT,47,2011-02-07 10:00,1.58,14002,United Kingdom
537427,21212,PACK BALLOONS,21,2010-12-23 16:00,6.27,14002,United Kingdom
537097,21730,GLASS STAR,42,2010-12-14 12:00,7.82,14002,United Kingdom
539689,71053,METAL LANTERN,47,2011-02-12 08:00,2.0,14002,United Kingdom
537905,22086,PAPER CHAIN,42,2010-12-27 09:00,3.78,14003,United Kingdom
537730,21730,GLASS STAR,38,2011-03-22 08:00,7.91,14003,United Kingdom
538192,22960,JAM SET,17,2011-02-27 11:00,7.63,14003,United Kingdom
538579,84029E,WOOLLY HOTTIE,31,2011-03-18 13:00,4.37,14003,United Kingdom
537608,22491,PINK DOUGHNUT,26,2011-02-05 09:00,3.31,14003,United Kingdom
538323,22491,PINK DOUGHNUT,20,2011-01-30 16:00,1.83,14003,United Kingdom
537579,85123A,WHITE HEART,3,2011-01-31 16:00,5.08,14003,United Kingdom
536498,85123A,WHITE HEART,25,2011-01-07 12:00,7.08,14003,United Kingdom
540540,22491,PINK DOUGHNUT,44,2011-01-14 12:00,7.85,14003,United Kingdom
537621,21730,GLASS STAR,36,2010-12-20 16:00,4.88,14004,United Kingdom
540002,85123A,WHITE HEART,14,2010-12-01 12:00,3.06,14004,United Kingdom
536722,84029E,WOOLLY HOTTIE,3,2011-01-26 15:00,7.31,14004,United Kingdom
540550,22086,PAPER CHAIN,28,2011-03-02 11:00,3.35,14004,United Kingdom
540140,22086,PAPER CHAIN,28,2011-01-10 11:00,1.54,14004,United Kingdom
538873,84029E,WOOLLY HOTTIE,17,2011-03-27 11:00,2.96,14004,United Kingdom
536374,22633,HAND WARMER,6,2011-02-07 16:00,7.65,14004,United Kingdom
537380,22086,PAPER CHAIN,30,2011-03-19 12:00,7.06,14004,United Kingdom
541313,85123A,WHITE HEART,1,2011-03-21 08:00,4.36,14004,United Kingdom
540365,22491,PINK DOUGHNUT,25,2010-12-27 08:00,7.79,14004,United Kingdom
540978,71053,METAL LANTERN,41,2010-12-01 12:00,3.9,14004,United Kingdom
537825,85123A,WHITE HEART,5,2011-03-12 10:00,8.0,14004,United Kingdom
538413,47566,PARTY BUNTING,37,2011-02-12 10:00,6.08,14004,United Kingdom
541341,22633,HAND WARMER,45,2011-01-31 08:00,5.24,14004,United Kingdom
537939,22086,PAPER CHAIN,32,2011-03-05 15:00,1.33,14004,United Kingdom
540728,22491,PINK DOUGHNUT,34,2010-12-03 09:00,4.33,14004,United Kingdom
541084,85123A,WHITE HEART,44,2011-03-04 16:00,4.93,14004,United Kingdom
538487,47566,PARTY BUNTING,15,2010-12-14 09:00,6.49,14004,United Kingdom
537694,22633,HAND WARMER,39,2011-03-08 13:00,1.95,14004,United Kingdom
540907,71053,METAL LANTERN,18,2011-03-01 10:00,3.75,14004,United Kingdom
539542,71053,METAL LANTERN,38,2011-02-17 14:00,4.16,14004,United Kingdom
539837,22633,HAND WARMER,17,2010-12-04 15:00,7.65,14004,United Kingdom
538958,22491,PINK DOUGHNUT,17,2011-02-26 12:00,2.81,14004,United Kingdom
537125,21730,GLASS STAR,2,2011-03-17 10:00,3.3,14005,United Kingdom
537264,47566,PARTY BUNTING,16,2011-03-28 15:00,2.06,14005,United Kingdom
537031,22086,PAPER CHAIN,4,2011-02-05 10:00,3.42,14005,United Kingdom
536888,71053,METAL LANTERN,19,2011-02-20 13:00,6.75,14005,United Kingdom
538661,22491,PINK DOUGHNUT,46,2011-02-16 16:00,3.55,14005,United Kingdom
538420,21212,PACK BALLOONS,22,2011-03-04 08:00,1.57,14005,United Kingdom
541186,85123A,WHITE HEART,35,2011-02-17 15:00,2.29,14005,United Kingdom
536729,22491,PINK DOUGHNUT,28,2011-02-26 09:00,3.58,14005,United Kingdom
C539162,22086,PAPER CHAIN,-11,2010-12-23 08:00,5.81,14005,United Kingdom
C540945,71053,METAL LANTERN,-39,2011-02-02 08:00,3.78,14005,United Kingdom
536490,22491,PINK DOUGHNUT,39,2011-03-13 13:00,3.25,14006,United Kingdom
536431,21212,PACK BALLOONS,17,2010-12-25 11:00,3.4,14006,United Kingdom
541083,21212,PACK BALLOONS,45,2011-03-10 13:00,4.36,14006,United Kingdom
539025,22086,PAPER CHAIN,40,2011-02-21 16:00,4.02,14006,United Kingdom
538727,84029E,WOOLLY HOTTIE,26,2011-01-28 15:00,5.25,14006,United Kingdom
538689,84029E,WOOLLY HOTTIE,37,2011-01-22 13:00,7.54,14006,United Kingdom
539235,84029E,WOOLLY HOTTIE,6,2010-12-04 15:00,2.72,14006,United Kingdom
538960,21212,PACK BALLOONS,3,2011-01-09 12:00,4.67,14006,United Kingdom
537010,22086,PAPER CHAIN,31,2011-02-22 11:00,7.28,14006,United Kingdom
540654,84029E,WOOLLY HOTTIE,49,2011-03-12 10:00,4.44,14006,United Kingdom
537506,22086,PAPER CHAIN,26,2011-01-13 12:00,2.96,14006,United Kingdom
541019,22960,JAM SET,19,2010-12-20 08:00,2.4,14006,United Kingdom
538282,85123A,WHITE HEART,26,2011-01-07 12:00,6.37,14006,United Kingdom
541150,22960,JAM SET,13,2011-01-02 13:00,4.73,14006,United Kingdom
538425,22086,PAPER CHAIN,10,2010-12-10 09:00,4.84,14006,United Kingdom
538741,22086,PAPER CHAIN,2,2011-02-01 12:00,1.62,14006,United Kingdom
538403,85123A,WHITE HEART,9,2010-12-24 13:00,5.17,14006,United Kingdom
540794,22633,HAND WARMER,30,2011-02-07 09:00,1.75,14006,United Kingdom
537935,21730,GLASS STAR,11,2011-02-14 10:00,7.57,14006,United Kingdom
540215,85123A,WHITE HEART,40,2011-01-29 15:00,6.05,14006,United Kingdom
541185,21212,PACK BALLOONS,37,2010-12-30 10:00,2.41,14006,United Kingdom
536965,21730,GLASS STAR,5,2011-02-16 11:00,2.65,14006,United Kingdom
541076,22491,PINK DOUGHNUT,25,2011-02-10 14:00,5.78,14006,United Kingdom
539077,22633,HAND WARMER,38,2011-02-01 08:00,4.78,14006,United Kingdom
540052,85123A,WHITE HEART,33,2011-02-04 12:00,3.74,14006,United Kingdom
537567,22086,PAPER CHAIN,39,2010-12-06 10:00,1.82,14006,United Kingdom
538400,22086,PAPER CHAIN,42,2010-12-15 08:00,1.97,14006,United Kingdom
537485,47566,PARTY BUNTING,27,2011-01-07 16:00,6.52,14006,United Kingdom
538222,21730,GLASS STAR,27,2011-02-06 13:00,6.21,14006,United Kingdom
539218,22491,PINK DOUGHNUT,5,2011-03-07 13:00,7.14,14006,United Kingdom
539593,85123A,WHITE HEART,31,2011-03-19 15:00,3.65,14007,United Kingdom
539256,85123A,WHITE HEART,8,2011-01-16 11:00,2.05,14007,United Kingdom
538320,85123A,WHITE HEART,45,2011-03-05 10:00,6.04,14007,United Kingdom
540471,85123A,WHITE HEART,36,2010-12-27 12:00,6.01,14007,United Kingdom
537179,85123A,WHITE HEART,10,2010-12-06 15:00,3.4,14007,United Kingdom
539370,85123A,WHITE HEART,26,2010-12-12 15:00,7.63,14007,United Kingdom
537192,85123A,WHITE HEART,18,2011-03-21 15:00,5.28,14007,United Kingdom
539300,85123A,WHITE HEART,43,2011-03-10 11:00,7.52,14007,United Kingdom
536968,85123A,WHITE HEART,37,2011-03-16 08:00,5.95,14007,United Kingdom
539898,85123A,WHITE HEART,31,2011-03-28 10:00,5.25,14007,United Kingdom
538157,85123A,WHITE HEART,40,2010-12-11 14:00,6.88,14007,United Kingdom
537570,85123A,WHITE HEART,46,2011-02-28 11:00,2.65,14007,United Kingdom
541027,85123A,WHITE HEART,23,2011-02-01 13:00,7.45,14007,United Kingdom
537697,85123A,WHITE HEART,40,2011-01-16 16:00,5.26,14007,United Kingdom
536939,85123A,WHITE HEART,9,2011-01-26 12:00,2.44,14007,United Kingdom
536839,22491,PINK DOUGHNUT,11,2010-12-07 09:00,7.46,14008,United Kingdom
537570,71053,METAL LANTERN,27,2011-01-12 10:00,4.17,14008,United Kingdom
540745,22086,PAPER CHAIN,25,2011-02-08 12:00,4.49,14008,United Kingdom
537331,84029E,WOOLLY HOTTIE,26,2011-02-23 08:00,1.09,14008,United Kingdom
536706,85123A,WHITE HEART,20,2010-12-20 13:00,4.21,14008,United Kingdom
538847,22086,PAPER CHAIN,49,2011-03-06 14:00,3.1,14008,United Kingdom
540889,22086,PAPER CHAIN,19,2010-12-30 08:00,3.45,14008,United Kingdom
539422,22086,PAPER CHAIN,19,2011-02-16 10:00,1.46,14008,United Kingdom
537311,71053,METAL LANTERN,28,2011-03-04 13:00,4.37,14008,United Kingdom
541260,22960,JAM SET,1,2011-01-24 14:00,3.34,14008,United Kingdom
536419,22491,PINK DOUGHNUT,10,2011-01-03 08:00,7.28,14008,United Kingdom
539171,71053,METAL LANTERN,7,2011-02-03 16:00,5.61,14008,United Kingdom
539675,22633,HAND WARMER,24,2011-02-10 13:00,2.37,14008,United Kingdom
538508,21730,GLASS STAR,3,2011-03-02 15:00,7.21,14008,United Kingdom
536529,22086,PAPER CHAIN,14,2011-01-15 11:00,5.22,14008,United Kingdom
540790,84029E,WOOLLY HOTTIE,21,2011-01-24 09:00,3.84,14008,United Kingdom
537673,47566,PARTY BUNTING,33,2010-12-19 10:00,2.46,14008,United Kingdom
539959,71053,METAL LANTERN,2,2011-02-07 11:00,7.37,14008,United Kingdom
537169,22491,PINK DOUGHNUT,2,2011-03-29 11:00,3.54,14008,United Kingdom
539942,84029E,WOOLLY HOTTIE,30,2011-01-22 10:00,3.54,14008,United Kingdom
538471,84029E,WOOLLY HOTTIE,44,2011-02-12 15:00,1.98,14008,United Kingdom
538938,47566,PARTY BUNTING,32,2011-03-25 08:00,3.98,14008,United Kingdom
537666,21212,PACK BALLOONS,40,2010-12-25 14:00,5.89,14008,United Kingdom
540163,22960,JAM SET,26,2011-03-19 09:00,4.68,14008,United Kingdom
536405,21730,GLASS STAR,11,2011-02-23 11:00,6.76,14008,United Kingdom
541048,84029E,WOOLLY HOTTIE,34,2010-12-25 13:00,4.88,14008,United Kingdom
537010,47566,PARTY BUNTING,42,2010-12-27 16:00,1.98,14008,United Kingdom
539318,22086,PAPER CHAIN,34,2011-01-22 14:00,5.2,14009,United Kingdom
539432,85123A,WHITE HEART,26,2011-01-31 09:00,3.83,14009,United Kingdom
541254,84029E,WOOLLY HOTTIE,43,2011-01-22 11:00,2.29,14009,United Kingdom
536551,21730,GLASS STAR,11,2011-01-05 08:00,3.02,14009,United Kingdom
539076,47566,PARTY BUNTING,40,2011-03-08 14:00,4.96,14009,United Kingdom
537115,84029E,WOOLLY HOTTIE,22,2011-01-02 11:00,6.13,14009,United Kingdom
540825,22960,JAM SET,19,2011-03-17 08:00,5.17,14009,United Kingdom
538708,71053,METAL LANTERN,9,2011-03-27 16:00,6.4,14009,United Kingdom
540485,85123A,WHITE HEART,1,2011-01-12 15:00,4.47,14009,United Kingdom
539914,47566,PARTY BUNTING,35,2011-03-11 10:00,6.73,14009,United Kingdom
539369,84029E,WOOLLY HOTTIE,34,2011-03-11 08:00,1.72,14009,United Kingdom
536703,85123A,WHITE HEART,10,2011-03-23 15:00,5.83,14009,United Kingdom
538786,22086,PAPER CHAIN,31,2011-02-25 12:00,6.65,14009,United Kingdom
536411,84029E,WOOLLY HOTTIE,8,2011-02-27 16:00,2.75,14009,United Kingdom
539522,22491,PINK DOUGHNUT,16,2010-12-23 12:00,7.48,14009,United Kingdom
540597,22491,PINK DOUGHNUT,7,2011-03-27 14:00,1.24,14009,United Kingdom
537865,22633,HAND WARMER,48,2011-01-28 14:00,1.81,14009,United Kingdom
540862,71053,METAL LANTERN,31,2011-01-08 10:00,7.03,14009,United Kingdom
539032,22491,PINK DOUGHNUT,39,2010-12-31 15:00,1.26,14009,United Kingdom
540824,71053,METAL LANTERN,3,2011-01-09 14:00,5.87,14009,United Kingdom
537285,47566,PARTY BUNTING,15,2010-12-04 13:00,6.63,14009,United Kingdom
536675,71053,METAL LANTERN,33,2011-01-11 09:00,7.2,14009,United Kingdom
540175,22633,HAND WARMER,42,2011-03-29 09:00,7.93,14009,United Kingdom
540937,47566,PARTY BUNTING,46,2011-01-31 08:00,3.45,14009,United Kingdom
540726,21730,GLASS STAR,44,2011-01-25 16:00,5.39,14009,United Kingdom
538415,21212,PACK BALLOONS,39,2011-02-03 08:00,4.66,14009,United Kingdom
536796,22086,PAPER CHAIN,30,2010-12-18 12:00,6.97,14009,United Kingdom
537328,85123A,WHITE HEART,46,2010-12-15 08:00,1.32,14009,United Kingdom
537171,22491,PINK DOUGHNUT,37,2011-01-12 13:00,6.5,14009,United Kingdom
537249,71053,METAL LANTERN,25,2010-12-04 15:00,6.2,14010,United Kingdom
537189,22633,HAND WARMER,45,2011-03-17 09:00,1.84,14010,United Kingdom
540210,22491,PINK DOUGHNUT,41,2010-12-03 15:00,2.31,14010,United Kingdom
539535,21730,GLASS STAR,5,2011-02-25 08:00,5.41,14010,United Kingdom
539102,22960,JAM SET,49,2011-03-16 10:00,2.22,14010,United Kingdom
540434,71053,METAL LANTERN,17,2011-01-01 10:00,2.08,14010,United Kingdom
540046,22086,PAPER CHAIN,47,2011-02-06 12:00,1.24,14010,United Kingdom
537583,21212,PACK BALLOONS,3,2010-12-29 16:00,2.91,14010,United Kingdom
537925,21212,PACK BALLOONS,34,2010-12-09 15:00,7.03,14010,United Kingdom
540337,21730,GLASS STAR,11,2011-02-26 13:00,1.61,14010,United Kingdom
541053,22491,PINK DOUGHNUT,18,2011-01-29 12:00,1.57,14010,United Kingdom
539110,71053,METAL LANTERN,40,2011-01-31 10:00,7.18,14010,United Kingdom
537650,22633,HAND WARMER,40,2011-03-01 08:00,5.75,14010,United Kingdom
538069,22086,PAPER CHAIN,19,2011-03-02 08:00,7.08,14010,United Kingdom
541160,21212,PACK BALLOONS,42,2010-12-27 13:00,1.74,14010,United Kingdom
540886,47566,PARTY BUNTING,5,2011-01-27 16:00,7.17,14010,United Kingdom
540363,22491,PINK DOUGHNUT,32,2010-12-30 14:00,3.35,14010,United Kingdom
538350,71053,METAL LANTERN,36,2011-02-15 14:00,4.89,14010,United Kingdom
541160,85123A,WHITE HEART,41,2011-03-05 09:00,5.42,14010,United Kingdom
539891,22086,PAPER CHAIN,45,2011-02-08 10:00,6.46,14010,United Kingdom
536642,22491,PINK DOUGHNUT,41,2011-02-01 12:00,7.74,14010,United Kingdom
541191,22960,JAM SET,20,2011-03-24 11:00,5.82,14010,United Kingdom
539117,85123A,WHITE HEART,12,2010-12-10 13:00,1.47,14010,United Kingdom
541164,84029E,WOOLLY HOTTIE,26,2011-02-20 09:00,1.52,14010,United Kingdom
536393,22960,JAM SET,35,2011-02-14 14:00,5.16,14010,United Kingdom
538871,85123A,WHITE HEART,6,2011-01-01 10:00,3.6,14010,United Kingdom
C539721,47566,PARTY BUNTING,-30,2011-03-08 08:00,2.11,14010,United Kingdom
C536403,22960,JAM SET,-21,2011-03-15 08:00,1.72,14010,United Kingdom
1013010,85123A,WHITE HEART,100,2011-01-15 10:00,1.0,14010,United Kingdom
539520,47566,PARTY BUNTING,29,2011-03-26 09:00,5.86,14011,United Kingdom
537353,84029E,WOOLLY HOTTIE,11,2011-02-19 15:00,2.91,14011,United Kingdom
538047,21730,GLASS STAR,47,2011-01-28 11:00,3.94,14011,United Kingdom
539963,21212,PACK BALLOONS,5,2010-12-01 13:00,7.89,14011,United Kingdom
538174,71053,METAL LANTERN,35,2010-12-25 15:00,1.22,14011,United Kingdom
536884,22086,PAPER CHAIN,46,2011-03-03 12:00,2.43,14011,United Kingdom
540264,71053,METAL LANTERN,7,2011-02-02 12:00,5.38,14011,United Kingdom
538618,22491,PINK DOUGHNUT,3,2010-12-15 16:00,2.3,14011,United Kingdom
536885,47566,PARTY BUNTING,17,2011-02-22 11:00,5.25,14011,United Kingdom
536481,84029E,WOOLLY HOTTIE,48,2011-02-01 13:00,4.44,14011,United Kingdom
540532,71053,METAL LANTERN,24,2011-02-02 08:00,4.03,14011,United Kingdom
537932,21730,GLASS STAR,18,2011-02-20 13:00,5.76,14011,United Kingdom
537143,21212,PACK BALLOONS,33,2011-01-10 15:00,7.67,14011,United Kingdom
539482,84029E,WOOLLY HOTTIE,24,2011-02-14 16:00,2.02,14011,United Kingdom
540702,84029E,WOOLLY HOTTIE,22,2011-01-02 15:00,2.47,14011,United Kingdom
537282,85123A,WHITE HEART,2,2011-03-15 08:00,4.74,14011,United Kingdom
540603,47566,PARTY BUNTING,2,2011-02-28 09:00,7.84,14011,United Kingdom
536999,22491,PINK DOUGHNUT,44,2011-02-13 10:00,1.73,14012,United Kingdom
537080,84029E,WOOLLY HOTTIE,9,2011-03-13 16:00,7.55,14012,United Kingdom
540571,22086,PAPER CHAIN,8,2011-01-31 11:00,6.0,14012,United Kingdom
539750,47566,PARTY BUNTING,11,2010-12-04 13:00,7.26,14012,United Kingdom
538499,84029E,WOOLLY HOTTIE,26,2011-01-10 09:00,4.37,14012,United Kingdom
537114,21212,PACK BALLOONS,45,2010-12-19 14:00,5.31,14012,United Kingdom
541155,22960,JAM SET,45,2011-03-29 12:00,2.27,14012,United Kingdom
537026,22633,HAND WARMER,44,2010-12-18 10:00,4.89,14012,United Kingdom
539336,21730,GLASS STAR,32,2011-01-28 10:00,4.8,14012,United Kingdom
537267,22491,PINK DOUGHNUT,35,2011-01-23 08:00,2.54,14012,United Kingdom
536768,85123A,WHITE HEART,30,2011-01-27 15:00,7.73,14012,United Kingdom
538077,21730,GLASS STAR,4,2010-12-20 15:00,6.15,14012,United Kingdom
540176,22633,HAND WARMER,32,2011-03-27 09:00,5.12,14012,United Kingdom
540374,71053,METAL LANTERN,15,2010-12-06 14:00,7.3,14012,United Kingdom
539323,22633,HAND WARMER,12,2010-12-18 15:00,3.69,14012,United Kingdom
539734,85123A,WHITE HEART,35,2011-03-10 14:00,6.43,14012,United Kingdom
538730,71053,METAL LANTERN,37,2011-03-19 16:00,6.98,14012,United Kingdom
539520,84029E,WOOLLY HOTTIE,47,2011-03-13 16:00,5.15,14012,United Kingdom
536392,71053,METAL LANTERN,39,2011-02-27 16:00,2.14,14012,United Kingdom
540920,71053,METAL LANTERN,35,2011-02-03 15:00,5.6,14012,United Kingdom
536994,22086,PAPER CHAIN,36,2011-01-16 10:00,7.79,14012,United Kingdom
537645,22491,PINK DOUGHNUT,29,2011-03-04 16:00,3.36,14012,United Kingdom
538725,21730,GLASS STAR,20,2011-02-14 08:00,5.12,14012,United Kingdom
539099,84029E,WOOLLY HOTTIE,20,2011-03-17 12:00,3.66,14012,United Kingdom
537944,21730,GLASS STAR,12,2011-03-23 15:00,4.32,14012,United Kingdom
540318,22086,PAPER CHAIN,28,2010-12-06 11:00,7.05,14012,United Kingdom
537423,71053,METAL LANTERN,9,2010-12-20 08:00,4.72,14012,United Kingdom
537373,84029E,WOOLLY HOTTIE,37,2011-02-07 08:00,7.54,14012,United Kingdom
538654,22633,HAND WARMER,14,2010-12-20 12:00,5.82,14012,United Kingdom
540233,22086,PAPER CHAIN,43,2011-02-27 09:00,1.12,14012,United Kingdom
537283,21212,PACK BALLOONS,39,2011-03-21 09:00,4.18,14012,United Kingdom
538334,84029E,WOOLLY HOTTIE,20,2011-01-14 11:00,1.88,14012,United Kingdom
538164,22491,PINK DOUGHNUT,8,2010-12-01 14:00,7.79,14012,United Kingdom
538839,84029E,WOOLLY HOTTIE,5,2011-01-16 09:00,7.74,14012,United Kingdom
536667,22491,PINK DOUGHNUT,30,2010-12-17 15:00,4.48,14012,United Kingdom
541274,22086,PAPER CHAIN,49,2011-02-10 16:00,1.21,14012,United Kingdom
537692,85123A,WHITE HEART,1,2011-02-18 12:00,2.51,14013,United Kingdom
537068,21730,GLASS STAR,41,2011-03-02 09:00,1.75,14013,United Kingdom
540193,84029E,WOOLLY HOTTIE,9,2011-02-27 16:00,7.07,14013,United Kingdom
538002,21212,PACK BALLOONS,11,2011-03-12 11:00,7.15,14013,United Kingdom
537215,22633,HAND WARMER,6,2010-12-13 16:00,7.31,14013,United Kingdom
539137,85123A,WHITE HEART,24,2011-02-09 16:00,3.08,14013,United Kingdom
540351,85123A,WHITE HEART,1,2011-02-09 12:00,3.57,14014,United Kingdom
539703,85123A,WHITE HEART,29,2011-01-18 08:00,4.14,14014,United Kingdom
539354,85123A,WHITE HEART,35,2011-02-16 09:00,2.18,14014,United Kingdom
539228,85123A,WHITE HEART,9,2010-12-26 15:00,3.66,14014,United Kingdom
536376,85123A,WHITE HEART,2,2011-03-27 16:00,4.35,14014,United Kingdom
539195,85123A,WHITE HEART,5,2011-01-06 11:00,3.79,14014,United Kingdom
538776,85123A,WHITE HEART,43,2011-02-08 09:00,6.35,14014,United Kingdom
540796,85123A,WHITE HEART,43,2010-12-23 14:00,1.13,14014,United Kingdom
537079,85123A,WHITE HEART,47,2010-12-15 16:00,1.5,14014,United Kingdom
541247,85123A,WHITE HEART,15,2010-12-13 13:00,2.38,14014,United Kingdom
540000,85123A,WHITE HEART,34,2011-02-06 12:00,2.16,14014,United Kingdom
536470,85123A,WHITE HEART,46,2011-03-21 10:00,3.15,14014,United Kingdom
539001,85123A,WHITE HEART,36,2010-12-02 08:00,6.02,14014,United Kingdom
539544,85123A,WHITE HEART,4,2011-03-04 14:00,6.76,14014,United Kingdom
538724,85123A,WHITE HEART,10,2010-12-31 14:00,6.6,14014,United Kingdom
536400,85123A,WHITE HEART,49,2011-01-11 15:00,4.97,14014,United Kingdom
537773,85123A,WHITE HEART,20,2010-12-07 13:00,4.38,14014,United Kingdom
539462,47566,PARTY BUNTING,22,2011-02-24 16:00,6.73,14015,United Kingdom
541180,21212,PACK BALLOONS,15,2011-01-11 15:00,5.28,14015,United Kingdom
540048,85123A,WHITE HEART,26,2011-02-06 09:00,2.79,14015,United Kingdom
539405,47566,PARTY BUNTING,10,2010-12-19 11:00,6.67,14015,United Kingdom
541133,47566,PARTY BUNTING,5,2011-03-09 09:00,2.18,14015,United Kingdom
538831,47566,PARTY BUNTING,21,2011-01-17 12:00,1.67,14015,United Kingdom
537134,47566,PARTY BUNTING,32,2011-02-11 16:00,5.47,14015,United Kingdom
540373,22633,HAND WARMER,7,2011-02-05 13:00,5.87,14015,United Kingdom
537606,85123A,WHITE HEART,11,2011-01-29 10:00,7.94,14015,United Kingdom
541204,84029E,WOOLLY HOTTIE,42,2011-03-19 11:00,7.34,14015,United Kingdom
538279,21730,GLASS STAR,33,2011-02-11 15:00,5.17,14015,United Kingdom
540078,84029E,WOOLLY HOTTIE,41,2010-12-13 08:00,5.32,14015,United Kingdom
538100,21730,GLASS STAR,44,2010-12-21 15:00,2.64,14015,United Kingdom
536706,71053,METAL LANTERN,3,2011-01-27 10:00,4.73,14015,United Kingdom
537597,84029E,WOOLLY HOTTIE,2,2010-12-02 13:00,7.96,14015,United Kingdom
C537026,71053,METAL LANTERN,-27,2010-12-08 08:00,4.26,14015,United Kingdom
C539739,22491,PINK DOUGHNUT,-9,2010-12-31 08:00,2.23,14015,United Kingdom
C536997,21212,PACK BALLOONS,-20,2010-12-30 08:00,3.87,14015,United Kingdom
538044,85123A,WHITE HEART,16,2011-02-22 10:00,5.65,14016,United Kingdom
540308,47566,PARTY BUNTING,28,2011-03-28 12:00,7.82,14016,United Kingdom
540402,22086,PAPER CHAIN,44,2010-12-30 12:00,2.71,14016,United Kingdom
537377,84029E,WOOLLY HOTTIE,18,2011-01-01 08:00,6.52,14016,United Kingdom
537966,84029E,WOOLLY HOTTIE,34,2011-01-05 08:00,1.44,14016,United Kingdom
541295,21212,PACK BALLOONS,21,2011-02-11 08:00,3.42,14016,United Kingdom
536626,22960,JAM SET,23,2011-02-20 14:00,7.6,14016,United Kingdom
536608,22633,HAND WARMER,22,2011-02-24 12:00,4.48,14016,United Kingdom
536958,22491,PINK DOUGHNUT,12,2011-01-11 13:00,7.51,14016,United Kingdom
539503,22633,HAND WARMER,30,2010-12-30 13:00,7.15,14016,United Kingdom
540590,47566,PARTY BUNTING,14,2010-12-21 10:00,1.57,14016,United Kingdom
538350,22633,HAND WARMER,18,2011-02-20 16:00,7.7,14016,United Kingdom
537498,21212,PACK BALLOONS,33,2010-12-14 08:00,7.46,14016,United Kingdom
538325,84029E,WOOLLY HOTTIE,46,2010-12-03 10:00,2.22,14016,United Kingdom
539329,84029E,WOOLLY HOTTIE,25,2011-03-08 15:00,5.66,14016,United Kingdom
539401,71053,METAL LANTERN,4,2011-02-06 11:00,1.95,14016,United Kingdom
538318,84029E,WOOLLY HOTTIE,32,2010-12-02 14:00,2.51,14016,United Kingdom
538315,22491,PINK DOUGHNUT,25,2010-12-11 09:00,1.41,14016,United Kingdom
537544,21212,PACK BALLOONS,23,2011-03-09 12:00,2.67,14017,United Kingdom
538003,22633,HAND WARMER,7,2011-03-07 11:00,5.85,14017,United Kingdom
536784,22086,PAPER CHAIN,17,2011-01-21 11:00,2.63,14017,United Kingdom
537132,84029E,WOOLLY HOTTIE,39,2011-03-11 11:00,6.07,14017,United Kingdom
538129,22633,HAND WARMER,7,2011-02-24 14:00,4.68,14017,United Kingdom
538658,84029E,WOOLLY HOTTIE,5,2010-12-02 12:00,1.08,14017,United Kingdom
537265,84029E,WOOLLY HOTTIE,15,2011-02-25 15:00,5.08,14017,United Kingdom
538750,85123A,WHITE HEART,13,2011-03-24 12:00,1.08,14017,United Kingdom
540957,21730,GLASS STAR,45,2011-02-19 10:00,1.3,14017,United Kingdom
541084,21730,GLASS STAR,26,2011-01-03 11:00,1.89,14017,United Kingdom
539858,71053,METAL LANTERN,40,2011-03-03 11:00,6.67,14017,United Kingdom
536381,22491,PINK DOUGHNUT,21,2011-03-23 16:00,7.69,14017,United Kingdom
536606,22086,PAPER CHAIN,9,2010-12-02 08:00,7.6,14017,United Kingdom
539214,22491,PINK DOUGHNUT,40,2011-02-13 14:00,4.23,14017,United Kingdom
540291,22086,PAPER CHAIN,22,2011-02-17 08:00,5.46,14017,United Kingdom
538513,22086,PAPER CHAIN,45,2011-01-01 08:00,2.05,14017,United Kingdom
539871,22086,PAPER CHAIN,13,2011-02-25 08:00,1.27,14017,United Kingdom
540692,22633,HAND WARMER,24,2010-12-20 12:00,1.25,14018,United Kingdom
540859,22491,PINK DOUGHNUT,31,2010-12-11 11:00,3.08,14018,United Kingdom
537137,22633,HAND WARMER,7,2011-01-20 12:00,6.49,14018,United Kingdom
540059,84029E,WOOLLY HOTTIE,32,2010-12-10 13:00,1.48,14018,United Kingdom
538741,85123A,WHITE HEART,31,2011-03-14 16:00,6.48,14018,United Kingdom
537978,71053,METAL LANTERN,15,2011-01-18 11:00,2.44,14018,United Kingdom
538561,21212,PACK BALLOONS,41,2011-03-29 09:00,7.72,14018,United Kingdom
537145,22960,JAM SET,12,2010-12-02 13:00,4.32,14018,United Kingdom
536887,21730,GLASS STAR,32,2011-01-01 09:00,6.24,14018,United Kingdom
540405,22491,PINK DOUGHNUT,15,2010-12-18 14:00,1.78,14018,United Kingdom
539202,21212,PACK BALLOONS,40,2011-02-27 09:00,4.02,14018,United Kingdom
537050,22960,JAM SET,30,2011-01-13 10:00,7.5,14018,United Kingdom
536403,85123A,WHITE HEART,21,2011-01-01 14:00,3.0,14018,United Kingdom
539833,85123A,WHITE HEART,12,2010-12-18 12:00,7.43,14018,United Kingdom
541123,21730,GLASS STAR,8,2011-03-20 14:00,6.24,14018,United Kingdom
541230,84029E,WOOLLY HOTTIE,22,2010-12-22 09:00,7.89,14018,United Kingdom
540548,21730,GLASS STAR,15,2011-01-19 10:00,1.64,14018,United Kingdom
536879,84029E,WOOLLY HOTTIE,43,2011-03-07 15:00,6.31,14018,United Kingdom
537669,84029E,WOOLLY HOTTIE,19,2010-12-30 14:00,2.06,14018,United Kingdom
537649,21730,GLASS STAR,47,2011-01-27 15:00,2.13,14018,United Kingdom
539927,22633,HAND WARMER,1,2011-03-09 09:00,2.95,14018,United Kingdom
537287,21212,PACK BALLOONS,10,2011-01-15 14:00,6.2,14018,United Kingdom
539344,71053,METAL LANTERN,41,2010-12-09 11:00,3.63,14018,United Kingdom
537402,84029E,WOOLLY HOTTIE,42,2011-01-23 08:00,6.33,14018,United Kingdom
540260,21212,PACK BALLOONS,34,2010-12-20 10:00,6.31,14018,United Kingdom
537408,22633,HAND WARMER,37,2011-03-21 11:00,1.87,14018,United Kingdom
541282,22086,PAPER CHAIN,35,2011-03-12 12:00,1.96,14019,United Kingdom
540648,22086,PAPER CHAIN,39,2011-01-07 11:00,1.02,14019,United Kingdom
538928,21212,PACK BALLOONS,45,2011-03-29 14:00,1.65,14019,United Kingdom
539312,22633,HAND WARMER,24,2011-01-27 14:00,1.73,14019,United Kingdom
539624,22086,PAPER CHAIN,24,2011-02-20 10:00,5.74,14019,United Kingdom
537028,22633,HAND WARMER,49,2011-02-21 13:00,5.46,14019,United Kingdom
536796,22491,PINK DOUGHNUT,38,2011-03-10 10:00,2.47,14019,United Kingdom
537534,22960,JAM SET,30,2011-01-24 08:00,3.3,14019,United Kingdom
537384,22960,JAM SET,49,2011-01-16 16:00,5.19,14019,United Kingdom
537024,84029E,WOOLLY HOTTIE,45,2011-02-08 11:00,2.21,14019,United Kingdom
541062,84029E,WOOLLY HOTTIE,47,2011-02-13 14:00,6.88,14019,United Kingdom
538250,21730,GLASS STAR,10,2011-02-15 08:00,3.34,14019,United Kingdom
541041,85123A,WHITE HEART,45,2010-12-19 10:00,6.48,14020,United Kingdom
538768,21730,GLASS STAR,20,2011-02-12 12:00,6.62,14020,United Kingdom
539343,84029E,WOOLLY HOTTIE,26,2011-03-13 14:00,1.56,14020,United Kingdom
537050,85123A,WHITE HEART,24,2011-02-08 16:00,6.11,14020,United Kingdom
537796,21212,PACK BALLOONS,31,2011-02-27 11:00,7.46,14020,United Kingdom
538339,22491,PINK DOUGHNUT,30,2010-12-07 10:00,1.25,14020,United Kingdom
536569,22086,PAPER CHAIN,10,2011-01-23 16:00,2.9,14020,United Kingdom
539008,84029E,WOOLLY HOTTIE,44,2011-03-10 15:00,2.09,14020,United Kingdom
C539506,22491,PINK DOUGHNUT,-25,2011-01-02 08:00,4.73,14020,United Kingdom
C540091,71053,METAL LANTERN,-36,2010-12-20 08:00,5.65,14020,United Kingdom
541356,85123A,WHITE HEART,21,2011-03-18 15:00,1.37,14021,United Kingdom
540017,85123A,WHITE HEART,14,2011-01-27 12:00,6.12,14021,United Kingdom
538717,85123A,WHITE HEART,3,2011-01-06 15:00,6.08,14021,United Kingdom
536789,85123A,WHITE HEART,19,2011-02-23 16:00,3.16,14021,United Kingdom
536962,85123A,WHITE HEART,33,2011-02-06 16:00,2.06,14021,United Kingdom
538455,85123A,WHITE HEART,33,2011-01-30 09:00,4.66,14021,United Kingdom
537998,85123A,WHITE HEART,41,2011-01-18 08:00,6.54,14021,United Kingdom
541313,85123A,WHITE HEART,6,2011-03-08 08:00,2.58,14021,United Kingdom
539502,85123A,WHITE HEART,5,2011-03-22 16:00,7.62,14021,United Kingdom
541048,71053,METAL LANTERN,16,2011-01-08 13:00,3.88,14022,United Kingdom
538092,22086,PAPER CHAIN,47,2011-01-29 10:00,4.59,14022,United Kingdom
540992,22633,HAND WARMER,49,2010-12-07 12:00,2.41,14022,United Kingdom
539156,22491,PINK DOUGHNUT,4,2011-02-24 15:00,6.3,14022,United Kingdom
538470,21730,GLASS STAR,15,2011-03-02 16:00,7.16,14022,United Kingdom
540335,22491,PINK DOUGHNUT,49,2010-12-25 15:00,1.19,14022,United Kingdom
541234,22086,PAPER CHAIN,44,2011-03-26 10:00,4.77,14022,United Kingdom
540767,47566,PARTY BUNTING,23,2011-01-19 10:00,6.75,14022,United Kingdom
538576,22086,PAPER CHAIN,12,2010-12-24 16:00,4.66,14022,United Kingdom
540928,21730,GLASS STAR,21,2010-12-09 15:00,3.19,14022,United Kingdom
539289,84029E,WOOLLY HOTTIE,12,2011-02-18 10:00,2.16,14022,United Kingdom
539341,22633,HAND WARMER,27,2011-01-09 13:00,2.94,14022,United Kingdom
538672,85123A,WHITE HEART,8,2011-01-17 12:00,7.26,14023,United Kingdom
540323,84029E,WOOLLY HOTTIE,46,2011-01-01 16:00,1.58,14023,United Kingdom
537648,85123A,WHITE HEART,45,2010-12-21 09:00,7.89,14023,United Kingdom
537925,84029E,WOOLLY HOTTIE,31,2010-12-27 12:00,5.59,14023,United Kingdom
539434,22633,HAND WARMER,33,2010-12-20 09:00,1.21,14023,United Kingdom
537760,21730,GLASS STAR,35,2011-03-03 16:00,2.31,14023,United Kingdom
539355,84029E,WOOLLY HOTTIE,6,2011-01-13 16:00,5.97,14023,United Kingdom
536952,21212,PACK BALLOONS,21,2011-02-24 10:00,2.78,14023,United Kingdom
537345,22491,PINK DOUGHNUT,48,2011-03-30 08:00,5.98,14023,United Kingdom
537463,22633,HAND WARMER,34,2011-01-16 09:00,3.44,14023,United Kingdom
538039,21212,PACK BALLOONS,23,2010-12-22 08:00,5.35,14023,United Kingdom
537454,22633,HAND WARMER,33,2010-12-16 09:00,1.88,14023,United Kingdom
538866,22633,HAND WARMER,40,2011-01-16 14:00,1.03,14023,United Kingdom
537219,21212,PACK BALLOONS,20,2011-02-10 14:00,2.59,14023,United Kingdom
540993,22633,HAND WARMER,4,2011-01-16 13:00,7.06,14023,United Kingdom
541011,22633,HAND WARMER,46,2011-03-10 08:00,6.31,14023,United Kingdom
537503,21212,PACK BALLOONS,35,2011-02-17 09:00,1.41,14023,United Kingdom
538962,85123A,WHITE HEART,6,2010-12-23 09:00,5.7,14023,United Kingdom
538269,22960,JAM SET,8,2010-12-19 11:00,1.9,14023,United Kingdom
538115,21212,PACK BALLOONS,40,2010-12-26 13:00,6.18,14023,United Kingdom
539311,84029E,WOOLLY HOTTIE,48,2011-03-20 10:00,5.95,14023,United Kingdom
540154,22491,PINK DOUGHNUT,19,2011-02-22 14:00,6.63,14023,United Kingdom
537298,21212,PACK BALLOONS,19,2010-12-14 15:00,7.11,14023,United Kingdom
538732,21730,GLASS STAR,36,2010-12-30 16:00,1.68,14023,United Kingdom
539413,85123A,WHITE HEART,25,2011-01-22 10:00,6.77,14023,United Kingdom
540373,21212,PACK BALLOONS,4,2011-03-02 15:00,1.45,14023,United Kingdom
537143,22086,PAPER CHAIN,16,2011-03-23 10:00,2.68,14023,United Kingdom
540305,71053,METAL LANTERN,21,2011-02-07 11:00,4.65,14023,United Kingdom
537423,22633,HAND WARMER,44,2011-02-11 16:00,1.8,14023,United Kingdom
536707,85123A,WHITE HEART,34,2011-02-03 15:00,7.15,14023,United Kingdom
541119,84029E,WOOLLY HOTTIE,12,2010-12-15 16:00,4.25,14024,United Kingdom
537938,22491,PINK DOUGHNUT,29,2010-12-21 10:00,2.19,14024,United Kingdom
538760,22960,JAM SET,29,2011-01-24 14:00,5.48,14024,United Kingdom
536558,22960,JAM SET,22,2011-02-05 13:00,6.51,14024,United Kingdom
537475,22086,PAPER CHAIN,34,2011-03-15 08:00,4.31,14024,United Kingdom
541240,84029E,WOOLLY HOTTIE,6,2011-02-20 08:00,7.24,14024,United Kingdom
540901,84029E,WOOLLY HOTTIE,26,2011-02-21 08:00,7.35,14024,United Kingdom
541161,85123A,WHITE HEART,35,2011-01-04 11:00,2.37,14024,United Kingdom
541015,84029E,WOOLLY HOTTIE,49,2011-01-31 15:00,1.05,14024,United Kingdom
538333,22960,JAM SET,33,2011-02-23 12:00,3.37,14024,United Kingdom
541277,22491,PINK DOUGHNUT,43,2011-03-15 16:00,1.31,14024,United Kingdom
536547,21212,PACK BALLOONS,17,2011-01-20 14:00,1.8,14024,United Kingdom
537721,21212,PACK BALLOONS,39,2010-12-11 10:00,4.45,14024,United Kingdom
540916,85123A,WHITE HEART,40,2011-02-14 15:00,3.95,14024,United Kingdom
540980,85123A,WHITE HEART,45,2011-03-02 12:00,6.03,14025,United Kingdom
540125,21212,PACK BALLOONS,27,2010-12-30 14:00,1.01,14025,United Kingdom
539051,22960,JAM SET,18,2011-02-06 08:00,2.8,14025,United Kingdom
540173,22960,JAM SET,18,2011-03-21 15:00,1.65,14025,United Kingdom
536566,22491,PINK DOUGHNUT,15,2010-12-02 16:00,6.25,14025,United Kingdom
541023,71053,METAL LANTERN,11,2010-12-14 09:00,5.19,14025,United Kingdom
539520,84029E,WOOLLY HOTTIE,9,2010-12-28 10:00,5.29,14025,United Kingdom
536751,84029E,WOOLLY HOTTIE,27,2011-03-03 13:00,6.19,14025,United Kingdom
538647,22086,PAPER CHAIN,2,2010-12-12 10:00,1.08,14025,United Kingdom
541034,85123A,WHITE HEART,45,2011-03-11 12:00,3.8,14025,United Kingdom
538184,85123A,WHITE HEART,31,2010-12-24 16:00,4.27,14025,United Kingdom
538485,21730,GLASS STAR,43,2011-03-09 14:00,4.01,14025,United Kingdom
538188,21730,GLASS STAR,38,2011-01-29 09:00,6.52,14025,United Kingdom
539499,22633,HAND WARMER,3,2011-02-17 16:00,7.0,14025,United Kingdom
C539345,22491,PINK DOUGHNUT,-37,2011-01-03 08:00,4.68,14025,United Kingdom
C539629,47566,PARTY BUNTING,-8,2011-02-03 08:00,1.31,14025,United Kingdom
C537278,22960,JAM SET,-23,2011-01-29 08:00,1.18,14025,United Kingdom
539293,22633,HAND WARMER,43,2011-03-01 08:00,3.7,14026,United Kingdom
537828,84029E,WOOLLY HOTTIE,5,2011-01-17 11:00,4.72,14026,United Kingdom
537764,84029E,WOOLLY HOTTIE,1,2011-03-23 09:00,1.74,14026,United Kingdom
540823,22086,PAPER CHAIN,3,2010-12-04 13:00,7.75,14026,United Kingdom
541002,22491,PINK DOUGHNUT,6,2010-12-15 12:00,6.29,14026,United Kingdom
539523,22491,PINK DOUGHNUT,37,2011-01-06 12:00,6.85,14026,United Kingdom
537161,84029E,WOOLLY HOTTIE,4,2011-02-11 08:00,7.96,14026,United Kingdom
540528,22960,JAM SET,17,2011-03-22 13:00,3.7,14026,United Kingdom
536729,21730,GLASS STAR,37,2010-12-13 09:00,4.35,14026,United Kingdom
537804,84029E,WOOLLY HOTTIE,23,2011-01-11 09:00,4.08,14026,United Kingdom
536664,22633,HAND WARMER,49,2011-03-18 12:00,4.55,14026,United Kingdom
537499,47566,PARTY BUNTING,4,2011-03-02 15:00,3.43,14026,United Kingdom
540200,71053,METAL LANTERN,11,2010-12-17 10:00,2.45,14026,United Kingdom
540625,71053,METAL LANTERN,40,2010-12-24 10:00,3.28,14026,United Kingdom
539025,47566,PARTY BUNTING,21,2010-12-05 08:00,2.04,14026,United Kingdom
536631,22960,JAM SET,19,2011-03-01 12:00,1.93,14026,United Kingdom
540194,84029E,WOOLLY HOTTIE,45,2011-03-28 12:00,4.21,14026,United Kingdom
538325,47566,PARTY BUNTING,28,2011-01-25 11:00,1.4,14026,United Kingdom
541126,22491,PINK DOUGHNUT,12,2011-03-25 10:00,7.79,14026,United Kingdom
537975,22960,JAM SET,32,2011-01-24 11:00,4.44,14026,United Kingdom
540190,85123A,WHITE HEART,24,2010-12-27 16:00,4.09,14026,United Kingdom
540187,85123A,WHITE HEART,14,2011-03-02 10:00,4.19,14026,United Kingdom
538228,22960,JAM SET,7,2011-01-17 16:00,7.69,14026,United Kingdom
540300,22960,JAM SET,45,2011-03-23 08:00,4.07,14026,United Kingdom
537307,22086,PAPER CHAIN,19,2011-02-05 12:00,3.18,14026,United Kingdom
541143,47566,PARTY BUNTING,16,2010-12-22 13:00,6.34,14026,United Kingdom
540117,22633,HAND WARMER,10,2010-12-21 09:00,1.94,14026,United Kingdom
540479,22086,PAPER CHAIN,35,2011-01-26 10:00,2.47,14026,United Kingdom
536906,71053,METAL LANTERN,8,2011-03-14 14:00,7.96,14026,United Kingdom
539323,47566,PARTY BUNTING,3,2010-12-25 12:00,6.17,14026,United Kingdom
540112,22086,PAPER CHAIN,8,2011-02-11 08:00,6.38,14027,United Kingdom
541262,22633,HAND WARMER,2,2010-12-23 16:00,1.73,14027,United Kingdom
540020,22960,JAM SET,30,2011-02-13 10:00,1.17,14027,United Kingdom
538457,22633,HAND WARMER,14,2011-01-14 09:00,6.66,14027,United Kingdom
538787,22633,HAND WARMER,38,2011-01-09 08:00,3.1,14027,United Kingdom
540910,71053,METAL LANTERN,42,2011-03-12 09:00,2.7,14027,United Kingdom
538707,22491,PINK DOUGHNUT,13,2010-12-31 09:00,5.67,14027,United Kingdom
537415,22633,HAND WARMER,8,2011-03-30 14:00,3.05,14027,United Kingdom
536801,84029E,WOOLLY HOTTIE,29,2011-01-08 08:00,5.08,14027,United Kingdom
538749,21730,GLASS STAR,19,2011-01-26 16:00,3.5,14027,United Kingdom
537954,47566,PARTY BUNTING,23,2011-02-12 11:00,7.07,14027,United Kingdom
537376,22960,JAM SET,20,2010-12-14 09:00,5.78,14027,United Kingdom
537593,21730,GLASS STAR,24,2010-12-30 11:00,3.03,14027,United Kingdom
541310,47566,PARTY BUNTING,8,2011-03-29 09:00,2.9,14027,United Kingdom
537629,22086,PAPER CHAIN,34,2011-03-15 08:00,6.05,14027,United Kingdom
538706,22491,PINK DOUGHNUT,29,2011-03-06 13:00,1.33,14027,United Kingdom
538802,85123A,WHITE HEART,23,2010-12-08 16:00,5.08,14027,United Kingdom
538989,21730,GLASS STAR,44,2010-12-29 16:00,6.19,14027,United Kingdom
537183,22633,HAND WARMER,9,2011-01-13 11:00,6.9,14027,United Kingdom
539857,22633,HAND WARMER,49,2011-01-25 10:00,3.64,14027,United Kingdom
540483,85123A,WHITE HEART,23,2011-01-02 16:00,4.46,14027,United Kingdom
539972,21730,GLASS STAR,21,2011-03-11 08:00,7.13,14027,United Kingdom
540993,85123A,WHITE HEART,4,2011-03-04 16:00,5.92,14027,United Kingdom
537489,22960,JAM SET,19,2011-01-06 08:00,5.44,14027,United Kingdom
539739,84029E,WOOLLY HOTTIE,48,2011-01-10 10:00,3.7,14027,United Kingdom
540437,71053,METAL LANTERN,14,2011-03-15 14:00,6.4,14027,United Kingdom
541109,71053,METAL LANTERN,37,2010-12-31 09:00,6.76,14027,United Kingdom
538381,21212,PACK BALLOONS,38,2011-01-25 13:00,4.31,14027,United Kingdom
540341,22960,JAM SET,45,2011-03-19 09:00,6.28,14027,United Kingdom
537304,22086,PAPER CHAIN,8,2010-12-18 10:00,5.56,14027,United Kingdom
536720,21730,GLASS STAR,28,2011-01-23 08:00,5.99,14027,United Kingdom
540578,21730,GLASS STAR,43,2011-01-26 08:00,3.57,14027,United Kingdom
540022,84029E,WOOLLY HOTTIE,10,2011-01-16 12:00,4.81,14027,United Kingdom
540858,21730,GLASS STAR,38,2011-02-24 08:00,3.36,14027,United Kingdom
538429,22491,PINK DOUGHNUT,35,2011-03-21 13:00,4.45,14027,United Kingdom
537766,84029E,WOOLLY HOTTIE,24,2010-12-25 11:00,6.07,14027,United Kingdom
538516,22491,PINK DOUGHNUT,38,2011-03-29 08:00,6.34,14027,United Kingdom
538062,22491,PINK DOUGHNUT,12,2011-01-22 16:00,1.88,14027,United Kingdom
541125,21730,GLASS STAR,6,2011-03-06 12:00,4.05,14027,United Kingdom
540944,85123A,WHITE HEART,7,2010-12-12 12:00,3.44,14028,United Kingdom
540917,85123A,WHITE HEART,13,2011-03-21 10:00,7.82,14028,United Kingdom
539940,85123A,WHITE HEART,32,2011-03-07 14:00,7.29,14028,United Kingdom
541076,85123A,WHITE HEART,8,2011-01-28 11:00,2.45,14028,United Kingdom
539641,85123A,WHITE HEART,3,2010-12-29 09:00,5.97,14028,United Kingdom
536757,85123A,WHITE HEART,15,2011-01-13 11:00,1.42,14028,United Kingdom
539767,85123A,WHITE HEART,5,2011-02-22 09:00,4.72,14028,United Kingdom
537917,85123A,WHITE HEART,15,2010-12-22 16:00,4.93,14028,United Kingdom
536390,85123A,WHITE HEART,26,2011-03-16 16:00,2.37,14028,United Kingdom
536825,85123A,WHITE HEART,25,2011-01-14 10:00,6.47,14028,United Kingdom
537437,85123A,WHITE HEART,8,2011-03-21 08:00,5.45,14028,United Kingdom
538088,85123A,WHITE HEART,47,2011-02-26 13:00,7.42,14028,United Kingdom
539206,85123A,WHITE HEART,47,2011-01-15 09:00,1.42,14028,United Kingdom
538660,85123A,WHITE HEART,49,2011-02-22 11:00,7.51,14028,United Kingdom
539148,85123A,WHITE HEART,33,2010-12-27 09:00,7.71,14028,United Kingdom
540010,85123A,WHITE HEART,21,2010-12-06 13:00,7.74,14028,United Kingdom
537481,85123A,WHITE HEART,22,2011-02-16 10:00,6.33,14028,United Kingdom
540188,85123A,WHITE HEART,8,2011-03-17 08:00,2.46,14028,United Kingdom
540117,85123A,WHITE HEART,11,2010-12-11 13:00,6.55,14028,United Kingdom
538858,85123A,WHITE HEART,16,2011-01-17 15:00,5.46,14028,United Kingdom
537234,85123A,WHITE HEART,12,2011-02-27 09:00,2.82,14028,United Kingdom
537161,85123A,WHITE HEART,18,2010-12-04 10:00,7.87,14028,United Kingdom
539260,85123A,WHITE HEART,34,2011-01-12 12:00,5.89,14028,United Kingdom
538890,85123A,WHITE HEART,2,2010-12-08 15:00,7.77,14028,United Kingdom
540647,85123A,WHITE HEART,32,2011-03-04 08:00,3.17,14028,United Kingdom
539480,85123A,WHITE HEART,20,2011-02-24 13:00,4.96,14028,United Kingdom
539948,85123A,WHITE HEART,9,2011-01-05 12:00,6.85,14028,United Kingdom
538582,85123A,WHITE HEART,28,2011-01-12 12:00,2.6,14028,United Kingdom
539025,85123A,WHITE HEART,40,2011-02-10 13:00,6.94,14028,United Kingdom
537826,85123A,WHITE HEART,27,2011-02-05 11:00,1.2,14028,United Kingdom
539017,85123A,WHITE HEART,27,2010-12-01 16:00,7.68,14028,United Kingdom
536993,85123A,WHITE HEART,7,2011-02-22 11:00,3.6,14028,United Kingdom
540039,85123A,WHITE HEART,30,2011-03-23 14:00,7.43,14028,United Kingdom
541321,85123A,WHITE HEART,26,2010-12-18 11:00,3.5,14028,United Kingdom
539373,85123A,WHITE HEART,20,2011-02-20 11:00,5.02,14028,United Kingdom
540775,22491,PINK DOUGHNUT,26,2011-03-26 14:00,7.43,14029,United Kingdom
538766,21212,PACK BALLOONS,41,2011-02-03 08:00,2.6,14029,United Kingdom
541111,22086,PAPER CHAIN,45,2011-02-06 12:00,2.57,14029,United Kingdom
538403,22633,HAND WARMER,12,2010-12-19 14:00,6.31,14030,United Kingdom
539203,47566,PARTY BUNTING,26,2010-12-21 11:00,7.25,14030,United Kingdom
537756,22491,PINK DOUGHNUT,20,2011-03-26 15:00,4.48,14030,United Kingdom
540935,22633,HAND WARMER,48,2010-12-28 16:00,6.99,14030,United Kingdom
537755,22960,JAM SET,15,2010-12-01 10:00,7.16,14030,United Kingdom
539972,22086,PAPER CHAIN,27,2011-01-30 11:00,6.85,14030,United Kingdom
538845,22086,PAPER CHAIN,42,2011-01-03 16:00,6.77,14030,United Kingdom
541141,47566,PARTY BUNTING,23,2011-03-05 12:00,7.52,14030,United Kingdom
539521,21212,PACK BALLOONS,6,2010-12-10 15:00,1.38,14030,United Kingdom
540424,22960,JAM SET,3,2011-02-24 11:00,7.18,14030,United Kingdom
538214,84029E,WOOLLY HOTTIE,36,2011-02-07 14:00,6.19,14030,United Kingdom
536570,71053,METAL LANTERN,30,2010-12-25 10:00,3.28,14030,United Kingdom
539987,21212,PACK BALLOONS,48,2011-03-28 11:00,7.31,14030,United Kingdom
536636,22086,PAPER CHAIN,22,2010-12-21 15:00,3.75,14030,United Kingdom
540714,47566,PARTY BUNTING,31,2011-01-01 09:00,6.28,14030,United Kingdom
538917,21212,PACK BALLOONS,17,2010-12-10 13:00,7.67,14030,United Kingdom
539329,85123A,WHITE HEART,4,2011-03-21 16:00,7.64,14030,United Kingdom
538975,21730,GLASS STAR,38,2011-02-01 16:00,6.47,14030,United Kingdom
540564,22960,JAM SET,17,2011-02-26 09:00,7.53,14030,United Kingdom
536873,47566,PARTY BUNTING,6,2010-12-23 14:00,7.45,14030,United Kingdom
541042,21212,PACK BALLOONS,17,2011-01-10 16:00,1.22,14030,United Kingdom
536925,84029E,WOOLLY HOTTIE,20,2010-12-03 08:00,7.85,14030,United Kingdom
537932,47566,PARTY BUNTING,1,2011-02-28 11:00,3.18,14030,United Kingdom
C538900,71053,METAL LANTERN,-23,2011-01-04 08:00,6.48,14030,United Kingdom
C541219,22491,PINK DOUGHNUT,-37,2011-01-30 08:00,7.79,14030,United Kingdom
C541362,22960,JAM SET,-28,2011-02-21 08:00,5.93,14030,United Kingdom
C538605,21212,PACK BALLOONS,-37,2011-02-21 08:00,7.77,14030,United Kingdom
537023,84029E,WOOLLY HOTTIE,40,2011-02-02 10:00,2.25,14031,United Kingdom
537902,22491,PINK DOUGHNUT,25,2011-02-06 14:00,2.1,14031,United Kingdom
538931,22086,PAPER CHAIN,22,2011-03-11 15:00,5.71,14031,United Kingdom
539615,22086,PAPER CHAIN,3,2011-03-29 10:00,6.95,14031,United Kingdom
539562,71053,METAL LANTERN,16,2011-03-07 08:00,2.14,14031,United Kingdom
539314,21730,GLASS STAR,11,2010-12-12 08:00,2.34,14031,United Kingdom
537252,85123A,WHITE HEART,5,2011-02-16 12:00,6.13,14031,United Kingdom
537838,71053,METAL LANTERN,48,2011-02-24 12:00,3.33,14032,United Kingdom
538803,47566,PARTY BUNTING,4,2011-02-22 13:00,7.87,14032,United Kingdom
539126,47566,PARTY BUNTING,14,2011-01-23 15:00,6.47,14032,United Kingdom
538734,21212,PACK BALLOONS,8,2010-12-29 08:00,1.47,14032,United Kingdom
539910,84029E,WOOLLY HOTTIE,5,2011-01-10 12:00,7.85,14032,United Kingdom
538799,22960,JAM SET,41,2011-01-18 14:00,2.43,14032,United Kingdom
538998,22491,PINK DOUGHNUT,34,2011-02-18 09:00,4.38,14032,United Kingdom
540679,84029E,WOOLLY HOTTIE,22,2011-01-24 14:00,2.01,14032,United Kingdom
540863,84029E,WOOLLY HOTTIE,20,2011-01-23 11:00,3.08,14032,United Kingdom
539214,22960,JAM SET,35,2010-12-30 12:00,5.54,14032,United Kingdom
540941,84029E,WOOLLY HOTTIE,3,2010-12-27 16:00,3.61,14032,United Kingdom
540873,84029E,WOOLLY HOTTIE,41,2011-01-28 09:00,4.68,14032,United Kingdom
541122,22960,JAM SET,1,2011-02-27 12:00,1.82,14032,United Kingdom
539280,22633,HAND WARMER,48,2011-03-30 13:00,1.05,14032,United Kingdom
539293,71053,METAL LANTERN,30,2010-12-28 08:00,5.76,14032,United Kingdom
538285,22960,JAM SET,7,2011-01-05 10:00,2.77,14032,United Kingdom
536540,22491,PINK DOUGHNUT,36,2011-01-15 13:00,6.08,14032,United Kingdom
541150,84029E,WOOLLY HOTTIE,17,2010-12-27 13:00,4.49,14032,United Kingdom
540041,22633,HAND WARMER,21,2010-12-28 11:00,7.4,14032,United Kingdom
540503,21212,PACK BALLOONS,27,2011-03-30 08:00,1.06,14032,United Kingdom
538451,21212,PACK BALLOONS,41,2011-02-22 15:00,2.69,14032,United Kingdom
540529,85123A,WHITE HEART,23,2011-01-21 08:00,1.35,14032,United Kingdom
540266,71053,METAL LANTERN,40,2011-01-19 10:00,3.48,14032,United Kingdom
538038,22491,PINK DOUGHNUT,33,2011-02-20 14:00,5.71,14032,United Kingdom
540122,71053,METAL LANTERN,38,2011-01-05 15:00,3.68,14032,United Kingdom
536967,22633,HAND WARMER,10,2011-03-29 15:00,4.6,14032,United Kingdom
536659,22086,PAPER CHAIN,46,2011-02-11 13:00,3.6,14032,United Kingdom
538238,85123A,WHITE HEART,28,2011-01-06 16:00,7.41,14032,United Kingdom
538406,22086,PAPER CHAIN,21,2011-01-27 13:00,3.88,14032,United Kingdom
537723,22086,PAPER CHAIN,36,2011-03-17 12:00,4.75,14032,United Kingdom
540716,71053,METAL LANTERN,34,2010-12-11 16:00,4.5,14032,United Kingdom
537187,47566,PARTY BUNTING,43,2011-02-06 08:00,4.44,14032,United Kingdom
537289,22633,HAND WARMER,14,2010-12-01 13:00,1.08,14032,United Kingdom
539033,21730,GLASS STAR,49,2010-12-21 09:00,2.3,14032,United Kingdom
536560,22960,JAM SET,19,2011-02-07 08:00,1.77,14032,United Kingdom
540292,22086,PAPER CHAIN,42,2010-12-21 11:00,4.75,14033,United Kingdom
540300,21212,PACK BALLOONS,45,2011-01-01 14:00,3.15,14033,United Kingdom
539260,21730,GLASS STAR,36,2011-01-18 14:00,5.43,14033,United Kingdom
538521,85123A,WHITE HEART,49,2010-12-09 13:00,1.72,14033,United Kingdom
536451,22633,HAND WARMER,39,2011-03-28 12:00,2.36,14033,United Kingdom
539307,85123A,WHITE HEART,12,2011-02-05 16:00,7.01,14033,United Kingdom
539065,84029E,WOOLLY HOTTIE,9,2011-01-06 14:00,2.12,14033,United Kingdom
539683,22960,JAM SET,47,2011-01-14 08:00,4.43,14033,United Kingdom
541122,22086,PAPER CHAIN,21,2010-12-06 09:00,6.03,14033,United Kingdom
541094,84029E,WOOLLY HOTTIE,33,2011-03-17 10:00,3.42,14033,United Kingdom
538101,22491,PINK DOUGHNUT,47,2011-01-05 09:00,1.74,14033,United Kingdom
539995,22491,PINK DOUGHNUT,28,2011-01-08 14:00,3.18,14033,United Kingdom
538775,84029E,WOOLLY HOTTIE,19,2010-12-28 15:00,3.35,14033,United Kingdom
538607,21212,PACK BALLOONS,47,2011-03-07 10:00,6.28,14033,United Kingdom
1013033,85123A,WHITE HEART,100,2011-01-15 10:00,1.0,14033,United Kingdom
540601,22086,PAPER CHAIN,47,2010-12-29 09:00,6.28,14034,United Kingdom
540705,84029E,WOOLLY HOTTIE,1,2011-01-17 08:00,5.42,14034,United Kingdom
540765,47566,PARTY BUNTING,24,2011-02-09 12:00,5.84,14034,United Kingdom
536557,22633,HAND WARMER,7,2011-03-13 12:00,6.41,14034,United Kingdom
538828,85123A,WHITE HEART,17,2010-12-03 12:00,7.0,14034,United Kingdom
539044,22491,PINK DOUGHNUT,16,2010-12-28 16:00,1.07,14034,United Kingdom
538911,22086,PAPER CHAIN,1,2011-02-24 16:00,4.26,14034,United Kingdom
537023,22633,HAND WARMER,41,2010-12-29 10:00,4.72,14034,United Kingdom
539354,71053,METAL LANTERN,41,2010-12-03 12:00,7.18,14034,United Kingdom
540172,21212,PACK BALLOONS,40,2011-01-17 09:00,1.11,14034,United Kingdom
538704,22086,PAPER CHAIN,22,2011-03-21 16:00,4.35,14034,United Kingdom
538747,22960,JAM SET,49,2011-02-04 13:00,1.52,14034,United Kingdom
536367,85123A,WHITE HEART,29,2011-03-03 10:00,4.91,14035,United Kingdom
538986,85123A,WHITE HEART,14,2011-01-28 14:00,3.61,14035,United Kingdom
537450,85123A,WHITE HEART,4,2011-03-26 09:00,4.25,14035,United Kingdom
539940,85123A,WHITE HEART,49,2010-12-31 09:00,3.61,14035,United Kingdom
536614,85123A,WHITE HEART,15,2011-01-05 15:00,1.34,14035,United Kingdom
537868,85123A,WHITE HEART,37,2011-01-31 14:00,4.65,14035,United Kingdom
539528,85123A,WHITE HEART,17,2011-02-21 14:00,1.1,14035,United Kingdom
539836,85123A,WHITE HEART,9,2010-12-06 08:00,3.43,14035,United Kingdom
536854,85123A,WHITE HEART,23,2010-12-21 11:00,5.24,14035,United Kingdom
538940,85123A,WHITE HEART,37,2011-01-31 13:00,4.79,14035,United Kingdom
537319,85123A,WHITE HEART,8,2011-01-26 15:00,5.12,14035,United Kingdom
540166,85123A,WHITE HEART,2,2011-02-14 08:00,3.97,14035,United Kingdom
541118,85123A,WHITE HEART,2,2011-03-25 14:00,1.94,14035,United Kingdom
538917,85123A,WHITE HEART,32,2011-01-31 13:00,4.02,14035,United Kingdom
540616,85123A,WHITE HEART,47,2011-02-05 08:00,5.46,14035,United Kingdom
539315,85123A,WHITE HEART,21,2010-12-13 11:00,5.86,14035,United Kingdom
538179,85123A,WHITE HEART,22,2011-01-22 11:00,1.44,14035,United Kingdom
536568,85123A,WHITE HEART,6,2011-03-11 11:00,6.51,14035,United Kingdom
538946,85123A,WHITE HEART,33,2010-12-01 12:00,4.03,14035,United Kingdom
537905,85123A,WHITE HEART,6,2011-03-06 10:00,3.91,14035,United Kingdom
538468,85123A,WHITE HEART,46,2010-12-06 16:00,5.67,14035,United Kingdom
540564,85123A,WHITE HEART,46,2011-03-14 14:00,7.22,14035,United Kingdom
C537570,84029E,WOOLLY HOTTIE,-22,2011-02-13 08:00,6.91,14035,United Kingdom
C537321,84029E,WOOLLY HOTTIE,-31,2011-01-12 08:00,7.99,14035,United Kingdom
C540811,22491,PINK DOUGHNUT,-7,2011-01-04 08:00,7.98,14035,United Kingdom
C539329,85123A,WHITE HEART,-39,2011-01-28 08:00,1.16,14035,United Kingdom
C539215,22633,HAND WARMER,-15,2011-01-17 08:00,1.1,14035,United Kingdom
537356,84029E,WOOLLY HOTTIE,31,2011-03-24 08:00,6.35,14036,United Kingdom
536879,22960,JAM SET,32,2011-03-17 10:00,1.93,14036,United Kingdom
536432,21730,GLASS STAR,21,2011-02-21 16:00,3.82,14036,United Kingdom
538623,22633,HAND WARMER,43,2011-01-30 16:00,5.73,14036,United Kingdom
538952,47566,PARTY BUNTING,24,2011-03-08 14:00,3.65,14036,United Kingdom
538582,21730,GLASS STAR,5,2010-12-12 09:00,7.97,14036,United Kingdom
539591,22960,JAM SET,38,2011-02-13 09:00,5.15,14036,United Kingdom
537304,47566,PARTY BUNTING,18,2011-02-13 12:00,1.77,14036,United Kingdom
538870,21730,GLASS STAR,23,2011-02-27 16:00,5.84,14036,United Kingdom
538043,84029E,WOOLLY HOTTIE,19,2011-02-09 11:00,6.23,14036,United Kingdom
540553,22086,PAPER CHAIN,12,2011-03-24 08:00,1.3,14036,United Kingdom
536571,71053,METAL LANTERN,20,2011-01-02 14:00,5.8,14036,United Kingdom
536454,22086,PAPER CHAIN,20,2010-12-03 15:00,7.73,14036,United Kingdom
537975,71053,METAL LANTERN,37,2011-02-04 11:00,6.84,14036,United Kingdom
540756,22086,PAPER CHAIN,44,2010-12-22 11:00,3.48,14036,United Kingdom
537306,22491,PINK DOUGHNUT,30,2011-02-22 11:00,7.41,14036,United Kingdom
537308,47566,PARTY BUNTING,16,2011-03-21 15:00,7.04,14036,United Kingdom
540639,21730,GLASS STAR,23,2011-02-11 10:00,3.01,14036,United Kingdom
537595,22960,JAM SET,37,2011-03-21 14:00,7.28,14036,United Kingdom
540221,21730,GLASS STAR,30,2011-03-13 12:00,1.9,14036,United Kingdom
537459,22491,PINK DOUGHNUT,30,2011-03-20 09:00,3.14,14036,United Kingdom
539140,22491,PINK DOUGHNUT,34,2011-01-19 13:00,4.32,14036,United Kingdom
540335,22491,PINK DOUGHNUT,32,2011-03-11 11:00,2.17,14036,United Kingdom
538307,21730,GLASS STAR,40,2011-03-18 15:00,1.8,14036,United Kingdom
539976,22086,PAPER CHAIN,29,2011-01-29 14:00,2.63,14037,United Kingdom
538513,85123A,WHITE HEART,36,2011-03-06 11:00,5.72,14037,United Kingdom
538795,22491,PINK DOUGHNUT,22,2011-02-20 13:00,7.29,14037,United Kingdom
540471,22086,PAPER CHAIN,23,2010-12-31 14:00,1.69,14037,United Kingdom
539548,21730,GLASS STAR,38,2011-03-20 15:00,6.46,14037,United Kingdom
538518,47566,PARTY BUNTING,17,2011-03-05 16:00,4.09,14037,United Kingdom
537052,21730,GLASS STAR,34,2010-12-13 16:00,4.21,14037,United Kingdom
541139,71053,METAL LANTERN,12,2010-12-15 14:00,6.44,14037,United Kingdom
537209,85123A,WHITE HEART,32,2010-12-20 12:00,7.23,14037,United Kingdom
536591,21212,PACK BALLOONS,12,2011-02-21 14:00,4.38,14037,United Kingdom
539242,71053,METAL LANTERN,16,2011-02-06 16:00,3.3,14037,United Kingdom
538246,22086,PAPER CHAIN,13,2011-03-23 12:00,7.23,14037,United Kingdom
539257,84029E,WOOLLY HOTTIE,4,2011-02-10 16:00,7.79,14037,United Kingdom
538031,84029E,WOOLLY HOTTIE,38,2011-01-22 10:00,6.98,14038,United Kingdom
538659,84029E,WOOLLY HOTTIE,34,2011-03-06 13:00,7.32,14038,United Kingdom
537063,22086,PAPER CHAIN,6,2011-03-09 10:00,3.62,14038,United Kingdom
539781,85123A,WHITE HEART,31,2011-02-07 11:00,5.01,14038,United Kingdom
540843,21212,PACK BALLOONS,31,2011-02-22 14:00,2.53,14038,United Kingdom
536640,84029E,WOOLLY HOTTIE,4,2011-01-11 09:00,1.0,14038,United Kingdom
540333,22960,JAM SET,13,2011-01-05 08:00,2.62,14038,United Kingdom
540122,85123A,WHITE HEART,24,2011-03-24 14:00,4.4,14038,United Kingdom
537885,22086,PAPER CHAIN,8,2011-03-21 14:00,7.47,14038,United Kingdom
537277,21212,PACK BALLOONS,16,2011-03-28 09:00,5.31,14038,United Kingdom
539193,47566,PARTY BUNTING,13,2011-03-03 09:00,6.39,14038,United Kingdom
539348,21730,GLASS STAR,30,2011-01-24 08:00,2.43,14038,United Kingdom
538796,22633,HAND WARMER,15,2011-02-12 12:00,7.37,14038,United Kingdom
538082,22960,JAM SET,30,2011-01-21 16:00,4.86,14038,United Kingdom
540236,85123A,WHITE HEART,44,2011-03-08 16:00,1.17,14038,United Kingdom
536436,85123A,WHITE HEART,45,2011-01-26 15:00,1.78,14038,United Kingdom
540599,85123A,WHITE HEART,43,2011-01-31 10:00,6.61,14038,United Kingdom
540289,47566,PARTY BUNTING,43,2011-03-07 12:00,5.56,14038,United Kingdom
541074,22086,PAPER CHAIN,23,2011-02-24 09:00,7.49,14038,United Kingdom
537621,21730,GLASS STAR,45,2011-01-23 15:00,6.79,14038,United Kingdom
539585,85123A,WHITE HEART,35,2011-02-26 08:00,3.93,14038,United Kingdom
541128,22633,HAND WARMER,2,2011-02-21 14:00,5.68,14038,United Kingdom
537938,85123A,WHITE HEART,6,2011-03-12 09:00,5.75,14038,United Kingdom
539654,47566,PARTY BUNTING,37,2011-02-06 13:00,7.19,14038,United Kingdom
539724,85123A,WHITE HEART,43,2010-12-13 11:00,3.38,14038,United Kingdom
537743,85123A,WHITE HEART,41,2011-01-29 10:00,3.43,14038,United Kingdom
539021,22086,PAPER CHAIN,28,2011-02-20 15:00,2.83,14038,United Kingdom
539928,22086,PAPER CHAIN,24,2010-12-04 13:00,3.61,14038,United Kingdom
537763,21212,PACK BALLOONS,47,2011-02-14 15:00,2.14,14038,United Kingdom
539414,21212,PACK BALLOONS,34,2010-12-24 13:00,2.33,14038,United Kingdom
540612,21212,PACK BALLOONS,26,2011-03-14 10:00,5.53,14038,United Kingdom
536635,21730,GLASS STAR,3,2011-02-18 08:00,6.3,14038,United Kingdom
538763,22633,HAND WARMER,12,2011-01-13 09:00,7.05,14038,United Kingdom
538076,71053,METAL LANTERN,20,2010-12-04 14:00,6.3,14038,United Kingdom
541312,84029E,WOOLLY HOTTIE,25,2010-12-03 12:00,6.11,14039,United Kingdom
538706,85123A,WHITE HEART,22,2011-03-07 11:00,2.21,14039,United Kingdom
537348,22491,PINK DOUGHNUT,46,2011-01-15 16:00,5.17,14039,United Kingdom
538352,84029E,WOOLLY HOTTIE,49,2011-03-18 14:00,1.32,14040,United Kingdom
538051,71053,METAL LANTERN,21,2011-02-24 15:00,6.75,14040,United Kingdom
537373,22633,HAND WARMER,40,2011-02-27 11:00,3.8,14040,United Kingdom
536675,22086,PAPER CHAIN,11,2010-12-05 12:00,6.61,14040,United Kingdom
539164,21730,GLASS STAR,45,2011-02-07 16:00,5.1,14040,United Kingdom
537990,71053,METAL LANTERN,1,2011-01-20 14:00,5.9,14040,United Kingdom
540171,22086,PAPER CHAIN,28,2011-02-11 14:00,7.88,14040,United Kingdom
C537976,21730,GLASS STAR,-38,2011-01-21 08:00,1.35,14040,United Kingdom
C538797,85123A,WHITE HEART,-26,2011-03-21 08:00,2.59,14040,United Kingdom
540482,21212,PACK BALLOONS,42,2010-12-21 08:00,3.51,14041,United Kingdom
540989,84029E,WOOLLY HOTTIE,35,2010-12-08 08:00,3.46,14041,United Kingdom
540956,84029E,WOOLLY HOTTIE,26,2011-01-07 08:00,2.09,14041,United Kingdom
539881,85123A,WHITE HEART,45,2011-03-20 15:00,6.89,14042,United Kingdom
538827,85123A,WHITE HEART,15,2010-12-27 08:00,6.77,14042,United Kingdom
536771,85123A,WHITE HEART,35,2011-02-07 13:00,1.12,14042,United Kingdom
537350,85123A,WHITE HEART,25,2011-01-16 12:00,5.21,14042,United Kingdom
537776,85123A,WHITE HEART,20,2011-01-28 09:00,2.75,14042,United Kingdom
541016,85123A,WHITE HEART,17,2011-02-16 14:00,7.5,14042,United Kingdom
538831,85123A,WHITE HEART,15,2011-03-17 10:00,5.29,14042,United Kingdom
540605,85123A,WHITE HEART,19,2011-01-04 15:00,2.62,14042,United Kingdom
541260,85123A,WHITE HEART,7,2011-02-03 10:00,2.79,14042,United Kingdom
540923,85123A,WHITE HEART,36,2011-01-27 12:00,3.89,14042,United Kingdom
540889,85123A,WHITE HEART,47,2011-01-09 11:00,3.02,14042,United Kingdom
541231,85123A,WHITE HEART,26,2011-03-19 09:00,2.18,14042,United Kingdom
539923,85123A,WHITE HEART,8,2011-01-12 16:00,4.52,14042,United Kingdom
537240,85123A,WHITE HEART,45,2011-02-09 15:00,6.86,14042,United Kingdom
539210,85123A,WHITE HEART,39,2011-01-26 10:00,5.45,14042,United Kingdom
539145,85123A,WHITE HEART,10,2011-03-24 12:00,3.2,14042,United Kingdom
539529,47566,PARTY BUNTING,5,2011-01-25 11:00,1.06,14043,United Kingdom
536972,47566,PARTY BUNTING,6,2010-12-18 15:00,2.76,14043,United Kingdom
540327,21212,PACK BALLOONS,37,2010-12-06 15:00,7.31,14043,United Kingdom
537840,22633,HAND WARMER,42,2010-12-17 11:00,1.04,14043,United Kingdom
538866,85123A,WHITE HEART,41,2011-01-01 13:00,2.48,14043,United Kingdom
537143,22633,HAND WARMER,22,2010-12-22 14:00,1.93,14043,United Kingdom
539706,22491,PINK DOUGHNUT,3,2011-02-14 14:00,7.98,14043,United Kingdom
538179,85123A,WHITE HEART,18,2011-03-15 16:00,1.84,14043,United Kingdom
540490,22491,PINK DOUGHNUT,19,2011-02-07 11:00,7.21,14043,United Kingdom
537974,21212,PACK BALLOONS,28,2011-03-30 16:00,1.91,14043,United Kingdom
537413,22491,PINK DOUGHNUT,46,2011-03-29 16:00,3.75,14043,United Kingdom
541145,22633,HAND WARMER,48,2011-03-09 12:00,2.14,14043,United Kingdom
541270,47566,PARTY BUNTING,17,2011-02-02 09:00,2.62,14043,United Kingdom
540943,71053,METAL LANTERN,11,2011-03-25 09:00,3.94,14043,United Kingdom
541287,21730,GLASS STAR,26,2011-01-26 11:00,7.63,14043,United Kingdom
541352,22086,PAPER CHAIN,7,2011-03-29 15:00,1.92,14043,United Kingdom
536454,85123A,WHITE HEART,17,2011-02-23 15:00,2.58,14043,United Kingdom
537290,22960,JAM SET,28,2011-01-16 12:00,1.35,14043,United Kingdom
539560,47566,PARTY BUNTING,16,2011-02-09 11:00,3.32,14043,United Kingdom
540921,21730,GLASS STAR,29,2011-03-10 11:00,3.34,14043,United Kingdom
536649,22491,PINK DOUGHNUT,21,2010-12-27 14:00,6.64,14043,United Kingdom
539330,22960,JAM SET,25,2011-01-05 09:00,2.88,14043,United Kingdom
540931,71053,METAL LANTERN,5,2010-12-30 10:00,6.79,14043,United Kingdom
538946,71053,METAL LANTERN,13,2011-03-28 11:00,2.73,14043,United Kingdom
539771,22960,JAM SET,47,2011-03-13 10:00,3.08,14043,United Kingdom
538238,21212,PACK BALLOONS,20,2010-12-04 09:00,5.71,14043,United Kingdom
536642,21730,GLASS STAR,20,2011-02-13 12:00,5.59,14043,United Kingdom
541078,22491,PINK DOUGHNUT,4,2011-01-03 16:00,2.89,14043,United Kingdom
538853,47566,PARTY BUNTING,4,2011-03-04 10:00,7.84,14043,United Kingdom
540647,21730,GLASS STAR,31,2011-01-22 09:00,3.03,14043,United Kingdom
536508,22960,JAM SET,10,2011-01-29 15:00,3.99,14043,United Kingdom
536705,47566,PARTY BUNTING,31,2010-12-01 14:00,5.82,14043,United Kingdom
540407,22960,JAM SET,7,2011-01-19 08:00,1.11,14043,United Kingdom
537496,85123A,WHITE HEART,47,2011-03-16 14:00,2.47,14043,United Kingdom
536376,22633,HAND WARMER,26,2011-01-19 10:00,3.01,14043,United Kingdom
541116,22633,HAND WARMER,42,2011-01-23 09:00,7.23,14043,United Kingdom
541238,84029E,WOOLLY HOTTIE,30,2010-12-28 16:00,3.65,14044,United Kingdom
537762,22491,PINK DOUGHNUT,40,2011-03-30 16:00,3.27,14044,United Kingdom
536549,22491,PINK DOUGHNUT,47,2011-02-18 13:00,1.42,14044,United Kingdom
540037,22960,JAM SET,43,2011-02-18 09:00,1.79,14044,United Kingdom
540174,22086,PAPER CHAIN,9,2011-02-11 16:00,4.26,14045,United Kingdom
539844,22960,JAM SET,39,2011-02-03 10:00,5.42,14045,United Kingdom
536891,84029E,WOOLLY HOTTIE,27,2011-01-26 09:00,5.43,14045,United Kingdom
539329,21730,GLASS STAR,28,2011-03-13 15:00,2.16,14045,United Kingdom
C538726,21730,GLASS STAR,-22,2011-01-03 08:00,1.89,14045,United Kingdom
C539051,84029E,WOOLLY HOTTIE,-10,2011-01-05 08:00,6.0,14045,United Kingdom
540608,22960,JAM SET,25,2011-01-14 11:00,3.16,14046,United Kingdom
539073,71053,METAL LANTERN,38,2011-03-06 12:00,3.07,14046,United Kingdom
538808,22086,PAPER CHAIN,14,2011-02-16 13:00,4.1,14046,United Kingdom
539994,85123A,WHITE HEART,45,2011-01-30 14:00,6.86,14046,United Kingdom
538521,85123A,WHITE HEART,41,2011-01-13 09:00,4.22,14046,United Kingdom
537633,22960,JAM SET,23,2011-02-16 08:00,6.1,14046,United Kingdom
538602,22633,HAND WARMER,17,2011-03-20 13:00,4.88,14046,United Kingdom
536690,47566,PARTY BUNTING,32,2011-02-22 10:00,6.96,14046,United Kingdom
540968,21212,PACK BALLOONS,31,2011-01-14 12:00,3.66,14046,United Kingdom
541068,21212,PACK BALLOONS,8,2011-02-22 14:00,1.66,14046,United Kingdom
538940,47566,PARTY BUNTING,47,2011-02-13 13:00,7.84,14046,United Kingdom
536493,22633,HAND WARMER,20,2011-02-03 12:00,5.08,14046,United Kingdom
538441,85123A,WHITE HEART,2,2011-02-08 15:00,5.71,14046,United Kingdom
538009,22633,HAND WARMER,33,2011-01-04 12:00,5.43,14046,United Kingdom
536535,22960,JAM SET,9,2011-03-25 13:00,6.63,14046,United Kingdom
540290,21212,PACK BALLOONS,22,2011-03-21 12:00,3.15,14046,United Kingdom
537414,22633,HAND WARMER,8,2011-01-11 10:00,1.88,14046,United Kingdom
540671,47566,PARTY BUNTING,43,2010-12-09 11:00,2.94,14046,United Kingdom
539022,47566,PARTY BUNTING,14,2011-01-11 13:00,1.34,14047,United Kingdom
537608,22633,HAND WARMER,6,2011-03-12 08:00,2.77,14047,United Kingdom
540322,85123A,WHITE HEART,35,2011-01-28 11:00,6.67,14047,United Kingdom
538309,22086,PAPER CHAIN,7,2011-01-30 11:00,5.49,14047,United Kingdom
538017,22491,PINK DOUGHNUT,38,2011-01-12 10:00,4.9,14047,United Kingdom
537657,21730,GLASS STAR,46,2011-02-18 16:00,6.13,14047,United Kingdom
536730,21212,PACK BALLOONS,4,2011-01-18 14:00,3.77,14047,United Kingdom
538841,22491,PINK DOUGHNUT,11,2011-03-15 14:00,3.59,14047,United Kingdom
537442,47566,PARTY BUNTING,28,2011-01-26 16:00,5.06,14047,United Kingdom
537162,22633,HAND WARMER,33,2011-02-16 10:00,4.54,14047,United Kingdom
539529,85123A,WHITE HEART,3,2010-12-30 11:00,4.16,14047,United Kingdom
536608,22086,PAPER CHAIN,25,2011-03-16 12:00,3.9,14047,United Kingdom
538237,22491,PINK DOUGHNUT,38,2011-02-27 14:00,4.19,14047,United Kingdom
536755,71053,METAL LANTERN,49,2010-12-10 16:00,2.06,14047,United Kingdom
537904,22960,JAM SET,33,2011-01-22 09:00,1.89,14048,United Kingdom
538483,85123A,WHITE HEART,4,2011-02-28 11:00,2.46,14048,United Kingdom
540415,71053,METAL LANTERN,9,2010-12-08 15:00,1.69,14048,United Kingdom
536872,22960,JAM SET,43,2011-02-16 16:00,4.96,14048,United Kingdom
540881,22633,HAND WARMER,47,2010-12-31 11:00,7.09,14048,United Kingdom
540080,85123A,WHITE HEART,39,2011-02-28 14:00,7.58,14048,United Kingdom
537057,84029E,WOOLLY HOTTIE,11,2010-12-12 11:00,6.54,14048,United Kingdom
540185,47566,PARTY BUNTING,1,2011-02-28 14:00,3.26,14048,United Kingdom
536383,84029E,WOOLLY HOTTIE,6,2010-12-24 13:00,5.22,14048,United Kingdom
538445,21730,GLASS STAR,18,2011-03-11 16:00,5.06,14048,United Kingdom
537269,22491,PINK DOUGHNUT,37,2011-03-04 14:00,6.5,14048,United Kingdom
537111,84029E,WOOLLY HOTTIE,21,2010-12-29 08:00,1.09,14048,United Kingdom
536536,21730,GLASS STAR,15,2011-03-13 12:00,5.27,14048,United Kingdom
538136,84029E,WOOLLY HOTTIE,18,2011-01-12 09:00,5.2,14048,United Kingdom
537255,84029E,WOOLLY HOTTIE,37,2011-03-18 11:00,7.34,14048,United Kingdom
537838,71053,METAL LANTERN,4,2011-03-03 15:00,3.47,14048,United Kingdom
537955,84029E,WOOLLY HOTTIE,42,2011-01-26 12:00,6.49,14048,United Kingdom
540893,47566,PARTY BUNTING,28,2011-01-20 14:00,3.91,14048,United Kingdom
539489,21212,PACK BALLOONS,45,2011-02-07 14:00,6.74,14048,United Kingdom
541238,22491,PINK DOUGHNUT,39,2011-02-09 10:00,3.62,14048,United Kingdom
539503,22633,HAND WARMER,6,2011-01-07 10:00,3.7,14048,United Kingdom
538079,22086,PAPER CHAIN,8,2011-02-22 11:00,6.87,14048,United Kingdom
539932,21730,GLASS STAR,3,2011-02-25 10:00,1.5,14048,United Kingdom
538002,21212,PACK BALLOONS,14,2011-02-09 14:00,7.72,14048,United Kingdom
537816,71053,METAL LANTERN,41,2011-03-23 12:00,7.32,14048,United Kingdom
539364,85123A,WHITE HEART,10,2011-03-20 15:00,7.62,14048,United Kingdom
538088,85123A,WHITE HEART,25,2011-02-27 08:00,7.56,14048,United Kingdom
539301,22491,PINK DOUGHNUT,46,2011-01-10 11:00,4.63,14048,United Kingdom
539626,47566,PARTY BUNTING,43,2011-02-07 16:00,5.84,14048,United Kingdom
538591,85123A,WHITE HEART,43,2010-12-18 16:00,4.88,14049,United Kingdom
540928,85123A,WHITE HEART,27,2010-12-09 15:00,6.36,14049,United Kingdom
538396,85123A,WHITE HEART,28,2011-01-15 16:00,3.35,14049,United Kingdom
539868,85123A,WHITE HEART,3,2010-12-06 15:00,7.77,14049,United Kingdom
540608,85123A,WHITE HEART,39,2010-12-13 12:00,3.75,14049,United Kingdom
539225,85123A,WHITE HEART,18,2011-02-04 14:00,6.58,14049,United Kingdom
539547,85123A,WHITE HEART,47,2011-03-21 09:00,7.46,14049,United Kingdom
540834,85123A,WHITE HEART,11,2011-03-13 12:00,6.91,14049,United Kingdom
541023,85123A,WHITE HEART,45,2011-03-15 08:00,2.57,14049,United Kingdom
539711,85123A,WHITE HEART,43,2010-12-23 15:00,7.85,14049,United Kingdom
539327,85123A,WHITE HEART,18,2011-03-02 08:00,6.67,14049,United Kingdom
536491,85123A,WHITE HEART,28,2011-01-18 12:00,6.63,14049,United Kingdom
537384,85123A,WHITE HEART,35,2011-01-07 14:00,4.22,14049,United Kingdom
540904,85123A,WHITE HEART,22,2011-03-22 10:00,1.95,14049,United Kingdom
540451,85123A,WHITE HEART,45,2011-03-18 14:00,1.93,14049,United Kingdom
538477,21730,GLASS STAR,26,2010-12-25 16:00,7.35,14050,United Kingdom
537740,84029E,WOOLLY HOTTIE,23,2011-02-25 14:00,3.12,14050,United Kingdom
538247,71053,METAL LANTERN,23,2010-12-21 16:00,2.71,14050,United Kingdom
537046,71053,METAL LANTERN,24,2011-01-09 10:00,6.2,14050,United Kingdom
540705,47566,PARTY BUNTING,48,2010-12-06 16:00,4.95,14050,United Kingdom
540096,21212,PACK BALLOONS,31,2011-01-09 08:00,2.37,14050,United Kingdom
540518,21730,GLASS STAR,28,2011-01-10 09:00,5.2,14050,United Kingdom
537463,71053,METAL LANTERN,41,2011-01-07 13:00,4.47,14050,United Kingdom
537613,71053,METAL LANTERN,40,2011-03-27 10:00,1.9,14050,United Kingdom
537423,22086,PAPER CHAIN,19,2011-03-23 11:00,5.38,14050,United Kingdom
540805,85123A,WHITE HEART,36,2011-01-18 09:00,2.93,14050,United Kingdom
540988,71053,METAL LANTERN,29,2011-02-21 16:00,6.67,14050,United Kingdom
539342,84029E,WOOLLY HOTTIE,9,2010-12-19 08:00,5.0,14050,United Kingdom
538433,22086,PAPER CHAIN,18,2011-01-14 13:00,3.14,14050,United Kingdom
537366,22491,PINK DOUGHNUT,6,2011-01-17 14:00,5.31,14050,United Kingdom
538144,22491,PINK DOUGHNUT,30,2010-12-18 15:00,6.0,14050,United Kingdom
539033,21212,PACK BALLOONS,31,2011-02-01 15:00,1.1,14050,United Kingdom
539697,21212,PACK BALLOONS,26,2010-12-16 10:00,7.53,14050,United Kingdom
539625,22960,JAM SET,15,2010-12-02 11:00,5.64,14050,United Kingdom
537505,21212,PACK BALLOONS,8,2011-02-01 16:00,5.47,14050,United Kingdom
540836,22633,HAND WARMER,37,2010-12-13 11:00,1.97,14050,United Kingdom
536563,21730,GLASS STAR,10,2011-02-11 11:00,7.38,14050,United Kingdom
537539,71053,METAL LANTERN,23,2011-02-02 14:00,5.34,14050,United Kingdom
537152,22491,PINK DOUGHNUT,5,2011-02-27 09:00,6.36,14050,United Kingdom
C539449,47566,PARTY BUNTING,-21,2010-12-25 08:00,2.28,14050,United Kingdom
C540143,22491,PINK DOUGHNUT,-32,2011-02-08 08:00,2.45,14050,United Kingdom
C537580,22491,PINK DOUGHNUT,-39,2011-03-28 08:00,3.99,14050,United Kingdom
C537855,21730,GLASS STAR,-23,2011-01-29 08:00,3.79,14050,United Kingdom
539282,22086,PAPER CHAIN,41,2011-02-27 14:00,3.59,14051,United Kingdom
537532,22960,JAM SET,7,2011-01-18 16:00,1.18,14051,United Kingdom
537942,84029E,WOOLLY HOTTIE,40,2011-02-20 11:00,6.69,14051,United Kingdom
540357,85123A,WHITE HEART,45,2010-12-27 09:00,7.01,14051,United Kingdom
537827,84029E,WOOLLY HOTTIE,24,2010-12-06 16:00,1.68,14051,United Kingdom
539918,85123A,WHITE HEART,46,2010-12-26 10:00,5.52,14051,United Kingdom
537052,22633,HAND WARMER,11,2011-02-16 10:00,7.03,14051,United Kingdom
538176,21730,GLASS STAR,39,2011-02-10 10:00,6.26,14051,United Kingdom
537700,84029E,WOOLLY HOTTIE,7,2010-12-01 15:00,1.92,14051,United Kingdom
536980,84029E,WOOLLY HOTTIE,4,2010-12-03 13:00,5.37,14051,United Kingdom
537331,47566,PARTY BUNTING,27,2011-02-18 13:00,7.72,14051,United Kingdom
537054,47566,PARTY BUNTING,41,2011-01-11 12:00,6.74,14051,United Kingdom
539868,22960,JAM SET,37,2011-02-19 10:00,4.58,14051,United Kingdom
536480,21730,GLASS STAR,48,2011-03-26 10:00,6.81,14051,United Kingdom
541178,85123A,WHITE HEART,24,2011-02-20 09:00,1.97,14051,United Kingdom
538659,71053,METAL LANTERN,15,2010-12-27 09:00,1.5,14051,United Kingdom
537348,22086,PAPER CHAIN,15,2011-01-16 16:00,2.74,14051,United Kingdom
541213,22086,PAPER CHAIN,32,2011-03-04 11:00,5.08,14051,United Kingdom
537470,85123A,WHITE HEART,34,2011-03-18 16:00,3.58,14052,United Kingdom
541010,84029E,WOOLLY HOTTIE,7,2010-12-31 16:00,7.16,14052,United Kingdom
540004,22086,PAPER CHAIN,27,2011-02-19 12:00,2.75,14052,United Kingdom
539921,22960,JAM SET,21,2010-12-22 10:00,3.87,14052,United Kingdom
540590,71053,METAL LANTERN,49,2011-02-18 14:00,1.96,14052,United Kingdom
539005,22960,JAM SET,21,2011-03-04 13:00,5.63,14052,United Kingdom
539601,47566,PARTY BUNTING,25,2010-12-20 10:00,4.05,14052,United Kingdom
536629,22086,PAPER CHAIN,9,2011-01-26 09:00,3.93,14052,United Kingdom
537827,22960,JAM SET,22,2010-12-22 09:00,6.91,14052,United Kingdom
541355,84029E,WOOLLY HOTTIE,46,2011-02-09 08:00,7.13,14052,United Kingdom
538071,85123A,WHITE HEART,1,2010-12-04 09:00,1.83,14052,United Kingdom
540018,85123A,WHITE HEART,28,2011-01-24 11:00,2.64,14052,United Kingdom
539876,71053,METAL LANTERN,23,2011-02-26 15:00,6.25,14052,United Kingdom
540649,71053,METAL LANTERN,13,2011-01-12 14:00,6.17,14052,United Kingdom
536863,22491,PINK DOUGHNUT,17,2010-12-23 13:00,7.03,14052,United Kingdom
536510,22491,PINK DOUGHNUT,34,2011-02-05 14:00,4.23,14053,United Kingdom
540253,22491,PINK DOUGHNUT,7,2011-02-24 08:00,6.28,14053,United Kingdom
538232,22960,JAM SET,43,2011-02-28 16:00,2.87,14053,United Kingdom
541300,22491,PINK DOUGHNUT,6,2011-02-26 13:00,3.36,14053,United Kingdom
536447,85123A,WHITE HEART,49,2011-01-16 14:00,1.96,14053,United Kingdom
540919,84029E,WOOLLY HOTTIE,35,2011-03-03 13:00,3.54,14053,United Kingdom
538524,22960,JAM SET,29,2011-01-11 09:00,6.16,14053,United Kingdom
537595,71053,METAL LANTERN,17,2011-02-25 16:00,3.2,14053,United Kingdom
537870,22086,PAPER CHAIN,22,2011-03-29 10:00,6.03,14053,United Kingdom
538321,22633,HAND WARMER,1,2011-03-03 13:00,6.75,14053,United Kingdom
539260,85123A,WHITE HEART,1,2011-01-22 13:00,2.73,14053,United Kingdom
540325,85123A,WHITE HEART,36,2011-01-12 08:00,7.54,14053,United Kingdom
537369,47566,PARTY BUNTING,7,2011-02-09 09:00,2.39,14053,United Kingdom
536366,22960,JAM SET,14,2011-02-09 10:00,4.81,14053,United Kingdom
539285,22491,PINK DOUGHNUT,17,2011-02-08 13:00,4.52,14053,United Kingdom
537266,22960,JAM SET,1,2011-03-27 13:00,2.09,14053,United Kingdom
540283,85123A,WHITE HEART,23,2011-02-15 14:00,7.66,14053,United Kingdom
537068,22491,PINK DOUGHNUT,33,2011-03-19 14:00,1.3,14053,United Kingdom
541308,21212,PACK BALLOONS,5,2011-01-24 08:00,1.99,14053,United Kingdom
538491,47566,PARTY BUNTING,38,2011-02-16 10:00,3.67,14053,United Kingdom
539093,22633,HAND WARMER,23,2011-03-07 16:00,5.43,14053,United Kingdom
539479,47566,PARTY BUNTING,7,2011-01-01 09:00,7.21,14053,United Kingdom
538124,47566,PARTY BUNTING,41,2010-12-14 11:00,3.34,14053,United Kingdom
537034,84029E,WOOLLY HOTTIE,39,2011-02-28 09:00,5.33,14053,United Kingdom
538486,22960,JAM SET,21,2011-02-19 08:00,3.67,14053,United Kingdom
537084,22633,HAND WARMER,47,2011-02-02 15:00,3.1,14053,United Kingdom
540268,21212,PACK BALLOONS,32,2010-12-27 08:00,3.54,14053,United Kingdom
538425,71053,METAL LANTERN,2,2011-03-24 14:00,3.65,14053,United Kingdom
538486,21212,PACK BALLOONS,23,2011-02-01 08:00,3.89,14053,United Kingdom
540501,21212,PACK BALLOONS,37,2011-03-27 13:00,3.52,14053,United Kingdom
541188,22086,PAPER CHAIN,40,2011-03-07 08:00,2.45,14053,United Kingdom
540085,21730,GLASS STAR,2,2011-01-31 15:00,3.78,14053,United Kingdom
539366,85123A,WHITE HEART,17,2011-03-22 15:00,2.13,14054,United Kingdom
536950,21730,GLASS STAR,21,2010-12-29 15:00,4.11,14054,United Kingdom
536921,85123A,WHITE HEART,18,2011-02-22 12:00,6.1,14054,United Kingdom
541019,71053,METAL LANTERN,17,2011-01-18 11:00,3.6,14054,United Kingdom
538659,21212,PACK BALLOONS,13,2010-12-15 12:00,2.8,14054,United Kingdom
538081,22633,HAND WARMER,26,2011-02-27 08:00,7.43,14054,United Kingdom
540637,71053,METAL LANTERN,33,2010-12-17 08:00,7.37,14055,United Kingdom
540148,22086,PAPER CHAIN,3,2011-01-24 10:00,4.04,14055,United Kingdom
540868,22960,JAM SET,36,2010-12-07 11:00,7.59,14055,United Kingdom
538876,84029E,WOOLLY HOTTIE,1,2010-12-10 13:00,1.36,14055,United Kingdom
540608,22491,PINK DOUGHNUT,8,2011-03-02 13:00,6.24,14055,United Kingdom
C540998,22491,PINK DOUGHNUT,-30,2011-01-02 08:00,5.18,14055,United Kingdom
536762,85123A,WHITE HEART,3,2010-12-26 09:00,7.77,14056,United Kingdom
540026,85123A,WHITE HEART,44,2010-12-12 08:00,4.33,14056,United Kingdom
538324,85123A,WHITE HEART,24,2011-03-18 12:00,5.76,14056,United Kingdom
537664,85123A,WHITE HEART,2,2011-02-25 14:00,1.15,14056,United Kingdom
537900,85123A,WHITE HEART,46,2010-12-12 15:00,5.2,14056,United Kingdom
539992,85123A,WHITE HEART,36,2011-02-21 09:00,3.93,14056,United Kingdom
536642,85123A,WHITE HEART,46,2011-02-02 11:00,1.48,14056,United Kingdom
539487,85123A,WHITE HEART,18,2011-03-28 12:00,3.29,14056,United Kingdom
538162,85123A,WHITE HEART,40,2011-01-17 10:00,4.31,14056,United Kingdom
537180,85123A,WHITE HEART,20,2011-03-17 12:00,7.09,14056,United Kingdom
540838,85123A,WHITE HEART,7,2010-12-11 10:00,6.93,14056,United Kingdom
539707,85123A,WHITE HEART,5,2011-01-06 16:00,5.95,14056,United Kingdom
537537,85123A,WHITE HEART,3,2010-12-17 12:00,2.38,14056,United Kingdom
539305,85123A,WHITE HEART,11,2011-03-16 15:00,5.93,14056,United Kingdom
536728,85123A,WHITE HEART,35,2011-03-29 13:00,3.14,14056,United Kingdom
537327,85123A,WHITE HEART,46,2010-12-10 08:00,4.73,14056,United Kingdom
540976,85123A,WHITE HEART,31,2010-12-12 14:00,4.73,14056,United Kingdom
540674,85123A,WHITE HEART,42,2011-03-16 12:00,2.16,14056,United Kingdom
539448,85123A,WHITE HEART,4,2010-12-19 09:00,5.08,14056,United Kingdom
541097,85123A,WHITE HEART,17,2010-12-06 15:00,6.05,14056,United Kingdom
538932,85123A,WHITE HEART,11,2010-12-12 16:00,5.36,14056,United Kingdom
538624,85123A,WHITE HEART,11,2011-03-10 12:00,1.95,14056,United Kingdom
537218,22960,JAM SET,29,2010-12-14 13:00,3.7,14057,United Kingdom
540595,21730,GLASS STAR,44,2011-01-08 11:00,3.43,14057,United Kingdom
540546,21212,PACK BALLOONS,1,2011-01-07 13:00,6.07,14057,United Kingdom
537284,22491,PINK DOUGHNUT,6,2011-03-24 13:00,4.87,14057,United Kingdom
536434,22633,HAND WARMER,10,2010-12-21 15:00,5.71,14057,United Kingdom
539144,21730,GLASS STAR,39,2011-01-28 09:00,4.38,14057,United Kingdom
540230,21212,PACK BALLOONS,32,2011-01-11 16:00,6.92,14057,United Kingdom
536596,21212,PACK BALLOONS,11,2011-01-26 11:00,6.54,14057,United Kingdom
540749,47566,PARTY BUNTING,29,2011-02-09 15:00,6.03,14057,United Kingdom
536960,21730,GLASS STAR,2,2011-01-02 12:00,2.84,14057,United Kingdom
540329,22633,HAND WARMER,18,2011-02-26 15:00,3.33,14058,United Kingdom
539622,21730,GLASS STAR,10,2011-01-18 09:00,3.83,14058,United Kingdom
539478,22491,PINK DOUGHNUT,36,2010-12-13 15:00,4.62,14058,United Kingdom
539746,22633,HAND WARMER,18,2010-12-19 14:00,4.19,14058,United Kingdom
538292,85123A,WHITE HEART,12,2011-01-22 16:00,7.47,14058,United Kingdom
537727,71053,METAL LANTERN,48,2010-12-30 13:00,5.27,14058,United Kingdom
539383,22633,HAND WARMER,26,2011-01-27 09:00,4.61,14058,United Kingdom
540742,71053,METAL LANTERN,13,2011-02-14 09:00,7.02,14058,United Kingdom
536618,22491,PINK DOUGHNUT,24,2010-12-23 15:00,3.42,14058,United Kingdom
539766,21212,PACK BALLOONS,32,2010-12-13 12:00,2.12,14058,United Kingdom
537019,22960,JAM SET,13,2011-03-20 09:00,2.9,14058,United Kingdom
536619,22491,PINK DOUGHNUT,7,2011-01-01 10:00,6.32,14058,United Kingdom
540099,22960,JAM SET,21,2010-12-04 12:00,3.61,14058,United Kingdom
538324,21730,GLASS STAR,48,2011-03-23 14:00,2.77,14058,United Kingdom
541334,47566,PARTY BUNTING,16,2011-02-06 15:00,3.39,14058,United Kingdom
538120,21212,PACK BALLOONS,44,2011-03-11 08:00,4.12,14058,United Kingdom
540744,21212,PACK BALLOONS,12,2011-03-26 13:00,3.82,14058,United Kingdom
538233,22086,PAPER CHAIN,35,2011-03-20 09:00,1.94,14058,United Kingdom
539248,47566,PARTY BUNTING,42,2011-01-27 13:00,4.42,14058,United Kingdom
539537,21730,GLASS STAR,33,2011-03-15 15:00,2.51,14058,United Kingdom
538811,22633,HAND WARMER,10,2010-12-15 13:00,1.23,14058,United Kingdom
538416,21730,GLASS STAR,29,2011-01-20 13:00,3.71,14058,United Kingdom
539384,71053,METAL LANTERN,16,2010-12-25 14:00,6.02,14058,United Kingdom
541118,71053,METAL LANTERN,36,2010-12-09 12:00,5.4,14058,United Kingdom
540889,22633,HAND WARMER,34,2010-12-04 16:00,6.29,14058,United Kingdom
539505,71053,METAL LANTERN,15,2011-02-18 11:00,3.04,14058,United Kingdom
538780,71053,METAL LANTERN,42,2011-03-06 08:00,3.59,14058,United Kingdom
541021,22086,PAPER CHAIN,35,2011-03-28 14:00,5.04,14058,United Kingdom
537200,84029E,WOOLLY HOTTIE,23,2011-01-18 16:00,3.94,14058,United Kingdom
536611,47566,PARTY BUNTING,23,2011-02-26 15:00,1.05,14058,United Kingdom
540164,22086,PAPER CHAIN,48,2011-03-08 14:00,3.95,14058,United Kingdom
540938,85123A,WHITE HEART,26,2011-03-21 11:00,5.07,14058,United Kingdom
539429,22960,JAM SET,3,2011-02-24 09:00,5.88,14058,United Kingdom
540299,71053,METAL LANTERN,49,2011-02-23 15:00,1.78,14058,United Kingdom
536529,22491,PINK DOUGHNUT,23,2011-02-22 14:00,2.11,14058,United Kingdom
536778,21730,GLASS STAR,15,2011-01-06 10:00,4.52,14058,United Kingdom
536383,71053,METAL LANTERN,14,2011-03-10 11:00,1.9,14058,United Kingdom
540515,21212,PACK BALLOONS,44,2011-01-03 09:00,1.53,14059,United Kingdom
536817,22491,PINK DOUGHNUT,32,2011-02-15 14:00,4.4,14059,United Kingdom
537581,22491,PINK DOUGHNUT,10,2011-03-01 10:00,2.78,14059,United Kingdom
540509,85123A,WHITE HEART,39,2010-12-30 12:00,5.45,14059,United Kingdom
539881,21212,PACK BALLOONS,17,2011-01-26 11:00,6.42,14059,United Kingdom
536810,22086,PAPER CHAIN,38,2010-12-19 11:00,4.2,14059,United Kingdom
538213,85123A,WHITE HEART,36,2010-12-10 13:00,4.34,14059,United Kingdom
539674,85123A,WHITE HEART,7,2010-12-21 15:00,3.35,14059,United Kingdom
538177,47566,PARTY BUNTING,20,2010-12-25 12:00,4.83,14059,United Kingdom
